fiscal_year,ticker,company,sector,revenue,gross_profit,operating_income,net_income,rd_expense,interest_expense,total_assets,total_equity,long_term_debt,current_assets,current_liabilities,cash,operating_cashflow,capex,shares_outstanding,ebitda,ebitda_is_estimated,gross_margin,operating_margin,net_margin,ebitda_margin,rd_intensity,roe,roa,roic,debt_to_equity,debt_to_assets,current_ratio,interest_coverage,fcf,fcf_margin,cfo_to_net_income,capex_intensity,eps,fcf_per_share,macro_regime
2006,F,Ford,Automotive,,,,,,,,-461000000.0,,,,28896000000.0,,,,,True,,,,,,,,,,,,,,,,,,,Pre-Crisis Buildup
2007,F,Ford,Automotive,154379000000.0,11792000000.0,,-2795000000.0,,11038000000.0,,7771000000.0,,,,34892000000.0,17074000000.0,6022000000.0,1979000000.0,,True,0.07638344593500411,,-0.018104794045822294,,,-0.3596705700682023,,,,,,,11052000000.0,0.071590047869205,-6.1087656529517,0.03900789615167866,-1.4123294593228903,5.584638706417382,Pre-Crisis Buildup
2008,F,Ford,Automotive,127635000000.0,1015000000.0,-16148000000.0,-14766000000.0,7100000000.0,9737000000.0,218298000000.0,-15722000000.0,152577000000.0,,,21804000000.0,-263000000.0,6492000000.0,2272000000.0,-16148000000.0,True,0.007952364163434795,-0.12651702119324637,-0.11568927018451051,-0.12651702119324637,0.055627374936341914,0.9391934868337362,-0.06764148091141467,-0.11799349676665083,-9.704681338252131,0.6989390649479152,,-1.658416350005135,-6755000000.0,-0.052924354604928114,0.01781118786401192,0.050863791279821366,-6.499119718309859,-2.973151408450704,Financial Crisis
2009,F,Ford,Automotive,103868000000.0,5002000000.0,2599000000.0,2717000000.0,4700000000.0,6790000000.0,192040000000.0,-7820000000.0,131635000000.0,,,20894000000.0,15477000000.0,4059000000.0,3312000000.0,2599000000.0,True,0.04815727654330496,0.025022143489813995,0.02615820079331459,0.025022143489813995,0.045249740054684795,-0.34744245524296674,0.014148094147052698,0.020990994629083715,-16.83312020460358,0.6854561549677151,,0.3827687776141384,11418000000.0,0.10992798552008318,5.696356275303644,0.039078445719567145,0.8203502415458938,3.447463768115942,Financial Crisis
2010,F,Ford,Automotive,119280000000.0,14829000000.0,7149000000.0,6561000000.0,5000000000.0,6152000000.0,164687000000.0,-673000000.0,103988000000.0,,,14805000000.0,11477000000.0,4092000000.0,4178000000.0,7149000000.0,True,0.12432092555331992,0.05993460764587525,0.05500503018108652,0.05993460764587525,0.04191817572099262,-5.0,0.039839210138019394,0.06919614770362484,-20.0,0.6314281030075234,,1.1620611183355007,7385000000.0,0.0619131455399061,1.7492760249961896,0.03430583501006036,1.5703685974150312,1.7675921493537579,Post-Crisis Recovery
2011,F,Ford,Automotive,128168000000.0,14557000000.0,8681000000.0,20213000000.0,5300000000.0,4431000000.0,177386000000.0,14778000000.0,99488000000.0,,,17148000000.0,9784000000.0,4293000000.0,4111000000.0,8681000000.0,True,0.11357749204169527,0.06773141501778915,0.15770707196804196,0.06773141501778915,0.0413519755321141,1.3677764244146704,0.11394924063905833,0.07597185514501252,6.732169441061036,0.5608559863799849,,1.9591514330850823,5491000000.0,0.04284220710317708,0.48404492158511847,0.03349510018101242,4.916808562393578,1.335684748236439,Post-Crisis Recovery
2012,F,Ford,Automotive,126567000000.0,13528000000.0,7638000000.0,5613000000.0,5500000000.0,3828000000.0,189571000000.0,15882000000.0,105058000000.0,,,15659000000.0,9045000000.0,5488000000.0,4015000000.0,7638000000.0,True,0.10688410091097995,0.060347483941311716,0.04434805280997416,0.060347483941311716,0.0434552450480773,0.3534189648658859,0.02960895917624531,0.06315528361170829,6.614909960962096,0.5541881405911242,,1.9952978056426331,3557000000.0,0.028103692115638356,1.6114377338321753,0.04336043360433604,1.3980074719800748,0.8859277708592778,Post-Crisis Recovery
2013,F,Ford,Automotive,139369000000.0,19179000000.0,14371000000.0,11953000000.0,6200000000.0,3689000000.0,202204000000.0,26140000000.0,114688000000.0,,,14468000000.0,10444000000.0,6597000000.0,4087000000.0,14371000000.0,True,0.13761309903924115,0.10311475292209889,0.08576512710861095,0.10311475292209889,0.044486220034584446,0.45726855394032134,0.05911356847540108,0.10204646803192546,4.387452180566182,0.5671895709283694,,3.8956356736242883,3847000000.0,0.027602982011781674,0.8737555425416214,0.04733477315615381,2.9246390995840468,0.9412772204551015,Post-Crisis Recovery
2014,F,Ford,Automotive,135782000000.0,10757000000.0,1234000000.0,1232000000.0,6700000000.0,797000000.0,208615000000.0,24438000000.0,119171000000.0,,,10757000000.0,14507000000.0,7463000000.0,3958000000.0,1234000000.0,True,0.07922257736666126,0.009088097096816957,0.009073367603953397,0.009088097096816957,0.04934380109292837,0.0504132907766593,0.005905615607698392,0.008592776218760662,4.876462885669858,0.5712484720657671,,1.548306148055207,7044000000.0,0.051877273865460816,10.0,0.05496310262037678,0.31126831733198584,1.7796867104598282,Low Rate Bull Market
2015,F,Ford,Automotive,140566000000.0,16120000000.0,2875000000.0,1153000000.0,6700000000.0,773000000.0,224925000000.0,28642000000.0,132854000000.0,102587000000.0,82336000000.0,14272000000.0,16226000000.0,7196000000.0,4002000000.0,2875000000.0,True,0.11467922541724172,0.020453025624973323,0.008202552537597997,0.020453025624973323,0.047664442326024785,0.04025556874519936,0.005126153162165166,0.017802298508941397,4.638433070316319,0.5906591085917529,1.2459555965798679,3.7192755498059507,9030000000.0,0.06424028570209012,10.0,0.05119303387732453,0.28810594702648673,2.2563718140929536,Low Rate Bull Market
2016,F,Ford,Automotive,151800000000.0,25605000000.0,6784000000.0,4589000000.0,7300000000.0,894000000.0,238510000000.0,29170000000.0,142970000000.0,108461000000.0,90281000000.0,15905000000.0,19850000000.0,6992000000.0,3999000000.0,6784000000.0,True,0.16867588932806324,0.04469038208168643,0.03023056653491436,0.04469038208168643,0.04808959156785244,0.15731916352416866,0.019240283426271435,0.039409782734983155,4.901268426465546,0.5994297933000713,1.2013712741329847,7.588366890380313,12858000000.0,0.08470355731225296,4.32556112442798,0.04606060606060606,1.1475368842210552,3.215303825956489,Low Rate Bull Market
2017,F,Ford,Automotive,156776000000.0,25455000000.0,4881000000.0,7731000000.0,8000000000.0,4364000000.0,258496000000.0,35578000000.0,154287000000.0,116801000000.0,94600000000.0,18492000000.0,18096000000.0,7049000000.0,3998000000.0,4881000000.0,True,0.1623654130734296,0.031133591876307598,0.049312394754299126,0.031133591876307598,0.0510282186048885,0.217297206138625,0.029907619460262443,0.0257077397097938,4.336584406093653,0.5968641681109186,1.2346828752642707,1.1184692942254812,11047000000.0,0.07046359136602541,2.3407062475746994,0.04496223911823238,1.9337168584292146,2.7631315657828917,Low Rate Bull Market
2018,F,Ford,Automotive,160338000000.0,24069000000.0,3203000000.0,3677000000.0,8200000000.0,5157000000.0,256540000000.0,35932000000.0,600000000.0,114649000000.0,95569000000.0,16718000000.0,15022000000.0,7785000000.0,3998000000.0,3203000000.0,True,0.15011413389215283,0.019976549539098654,0.022932804450598112,0.019976549539098654,0.05114196260399905,0.10233218301235668,0.014333047477976145,0.0876765575385963,0.016698207725704108,0.0023388165588212363,1.1996463288304784,0.6210975373279038,7237000000.0,0.04513590041038307,4.085395703018765,0.04855368035026007,0.9197098549274637,1.8101550775387694,Low Rate Bull Market
2019,F,Ford,Automotive,155900000000.0,21207000000.0,574000000.0,47000000.0,7400000000.0,5409000000.0,258537000000.0,33185000000.0,470000000.0,114047000000.0,98132000000.0,17504000000.0,17639000000.0,7632000000.0,4004000000.0,574000000.0,True,0.13602950609364978,0.0036818473380372035,0.00030147530468248876,0.0036818473380372035,0.04746632456703015,0.0014163025463311738,0.00018179216127672248,0.017055415242905957,0.014163025463311737,0.0018179216127672249,1.1621795133086048,0.10611943057866519,10007000000.0,0.06418858242463117,10.0,0.04895445798588839,0.011738261738261738,2.4992507492507494,Low Rate Bull Market
2020,F,Ford,Automotive,127144000000.0,14392000000.0,-4408000000.0,-1279000000.0,7100000000.0,5051000000.0,267261000000.0,30690000000.0,291000000.0,116744000000.0,97192000000.0,25243000000.0,24269000000.0,5742000000.0,3973000000.0,-4408000000.0,True,0.11319448813943246,-0.03466935128673001,-0.010059460139684138,-0.03466935128673001,0.05584219467690178,-0.04167481264255458,-0.0047855841293716625,-0.14228075271940868,0.009481915933528836,0.001088823285103326,1.2011688204790518,-0.8726984755493962,18527000000.0,0.1457166677153464,-10.0,0.045161391807714085,-0.3219229801157815,4.663226780770199,COVID Shock
2021,F,Ford,Automotive,136341000000.0,21690000000.0,4523000000.0,17937000000.0,7600000000.0,4593000000.0,257035000000.0,48519000000.0,,108996000000.0,90727000000.0,20540000000.0,15787000000.0,6227000000.0,4034000000.0,4523000000.0,True,0.15908640834378507,0.03317417357948086,0.13155983893326292,0.03317417357948086,0.055742586602709386,0.36969022444815436,0.06978427062462311,0.09322121230858015,,,1.2013623287444752,0.9847594165033747,9560000000.0,0.07011830630551338,0.8801360316663879,0.045672248259877805,4.446455131383242,2.3698562221120474,COVID Rebound
2022,F,Ford,Automotive,158057000000.0,23660000000.0,6276000000.0,-1981000000.0,7800000000.0,4593000000.0,255884000000.0,43242000000.0,,116476000000.0,96866000000.0,25134000000.0,6853000000.0,6866000000.0,4014000000.0,6276000000.0,True,0.1496928323326395,0.03970719424005264,-0.0125334531213423,0.03970719424005264,0.04934928538438665,-0.04581194209333518,-0.007741789248253115,0.14513667267933952,,,1.2024446142093201,1.3664271717831482,-13000000.0,-8.224880897397775e-05,-3.4593639575971733,0.04344002480117932,-0.4935226706527155,-0.0032386646736422523,Inflation & Rate Hikes
2023,F,Ford,Automotive,176191000000.0,25641000000.0,5458000000.0,4347000000.0,8200000000.0,7613000000.0,273310000000.0,42773000000.0,,121481000000.0,101531000000.0,24862000000.0,14918000000.0,8236000000.0,4041000000.0,5458000000.0,True,0.14552956734452951,0.030977745741836985,0.024672088812708937,0.030977745741836985,0.046540402177182714,0.10162953264910107,0.01590501628187772,0.12760386224954995,,,1.1964917118909495,0.7169315644292658,6682000000.0,0.03792475211560182,3.4317920404876925,0.046744725894058155,1.0757238307349666,1.6535511012125712,Inflation & Rate Hikes
2024,F,Ford,Automotive,184992000000.0,26558000000.0,5219000000.0,5879000000.0,8000000000.0,1115000000.0,285196000000.0,44835000000.0,711000000.0,124474000000.0,106859000000.0,22935000000.0,15423000000.0,8684000000.0,4021000000.0,5219000000.0,True,0.143562964884968,0.028212030790520672,0.03177975263795191,0.028212030790520672,0.04324511330219685,0.13112523698003792,0.020613893602995835,0.11458745005049839,0.015858146537303445,0.0024930223425293483,1.1648433917592342,4.680717488789238,6739000000.0,0.036428602317938076,2.6234053410443954,0.04694257048953468,1.4620741109176822,1.6759512559064909,Normalization
2009,GM,General Motors,Automotive,47115000000.0,-8699000000.0,-16095000000.0,,3017000000.0,,,21957000000.0,,,,22679000000.0,,,,-16095000000.0,True,-0.18463334394566486,-0.34161095192613816,,-0.34161095192613816,0.0640348084474159,,,-0.7330236371088946,,,,,,,,,,,Financial Crisis
2010,GM,General Motors,Automotive,135311000000.0,3923000000.0,5108000000.0,6172000000.0,6962000000.0,1135000000.0,138898000000.0,36180000000.0,,,,21256000000.0,6780000000.0,4202000000.0,1500136998.0,5108000000.0,True,0.028992469200582363,0.037750072056226026,0.04561343867091367,0.037750072056226026,0.05145184057467612,0.17059148700939747,0.044435485032181886,0.14118297401879493,,,,4.500440528634361,2578000000.0,0.019052405199872887,1.0985093972780298,0.03105438582229087,4.114290900250165,1.7185097117376742,Post-Crisis Recovery
2011,GM,General Motors,Automotive,148866000000.0,4214000000.0,5656000000.0,9190000000.0,8100000000.0,744000000.0,144603000000.0,38120000000.0,,64923000000.0,53226000000.0,16071000000.0,8166000000.0,6249000000.0,1564727289.0,5656000000.0,True,0.02830733679953784,0.03799390055486142,0.06173337095105665,0.03799390055486142,0.05441134980452219,0.24108079748163694,0.06355331493814098,0.1483735571878279,,,1.21976101905084,7.602150537634409,1917000000.0,0.012877352787070251,0.8885745375408052,0.0419773487565999,5.873227919398803,1.2251336149605556,Post-Crisis Recovery
2012,GM,General Motors,Automotive,150295000000.0,4418000000.0,-30363000000.0,6188000000.0,7400000000.0,772000000.0,149422000000.0,36244000000.0,,69996000000.0,53992000000.0,18422000000.0,10605000000.0,8068000000.0,1366373526.0,-30363000000.0,True,0.029395522139791744,-0.20202268871219933,0.0411723610233208,-0.20202268871219933,0.04923650154695765,0.17073170731707318,0.04141291108404385,-0.8377386601920318,,,1.29641428359757,-39.33031088082902,2537000000.0,0.01688013573305832,1.7138009049773755,0.0536810938487641,4.528776269630388,1.8567397214047017,Post-Crisis Recovery
2013,GM,General Motors,Automotive,152092000000.0,17167000000.0,5131000000.0,5346000000.0,7200000000.0,1049000000.0,166231000000.0,42607000000.0,,81501000000.0,62412000000.0,20021000000.0,12630000000.0,7565000000.0,1500000000.0,5131000000.0,True,0.11287247192488757,0.033736159692817506,0.03514977776608895,0.033736159692817506,0.04733976803513663,0.1254723402257845,0.032160066413605165,0.1204262210434905,,,1.3058546433378198,4.891325071496664,5065000000.0,0.033302211819162084,2.3625140291806956,0.04973963127580675,3.564,3.3766666666666665,Post-Crisis Recovery
2014,GM,General Motors,Automotive,151092000000.0,13010000000.0,1530000000.0,3949000000.0,,1829000000.0,177311000000.0,35457000000.0,,83626000000.0,65657000000.0,18954000000.0,10061000000.0,7091000000.0,1600000000.0,1530000000.0,True,0.08610647817223943,0.010126280676673814,0.026136393720382282,0.010126280676673814,,0.11137434075076853,0.022271601874672187,0.04315085878669938,,,1.2736798818100126,0.8365226899945325,2970000000.0,0.019656897784131523,2.54773360344391,0.04693167077012681,2.468125,1.85625,Low Rate Bull Market
2015,GM,General Motors,Automotive,129864000000.0,16869000000.0,5538000000.0,9687000000.0,,1883000000.0,194338000000.0,39871000000.0,,69408000000.0,71217000000.0,15238000000.0,11769000000.0,6813000000.0,1500000000.0,5538000000.0,True,0.1298974311587507,0.042644612825725375,0.07459342080946221,0.042644612825725375,,0.24295854129567857,0.04984614434644794,0.13889794587544832,,,0.9745987615316568,2.9410515135422197,4956000000.0,0.03816300129366106,1.2149272220501703,0.05246257623359823,6.458,3.304,Low Rate Bull Market
2016,GM,General Motors,Automotive,140205000000.0,18421000000.0,8686000000.0,9427000000.0,,2535000000.0,221690000000.0,43836000000.0,,76203000000.0,85181000000.0,12574000000.0,16607000000.0,8384000000.0,1500000000.0,8686000000.0,True,0.13138618451553083,0.06195214150707892,0.06723725972682858,0.06195214150707892,,0.21505155579888677,0.04252334340746087,0.19814764120813944,,,0.8946009086533382,3.426429980276134,8223000000.0,0.05864983417139189,1.7616420918637954,0.05979815270496772,6.284666666666666,5.482,Low Rate Bull Market
2017,GM,General Motors,Automotive,133449000000.0,17220000000.0,8661000000.0,-3864000000.0,,3141000000.0,212482000000.0,35001000000.0,,68744000000.0,76890000000.0,15512000000.0,17328000000.0,8453000000.0,1400000000.0,8661000000.0,True,0.12903805948339817,0.06490119821055235,-0.028954881640177146,0.06490119821055235,,-0.11039684580440559,-0.01818506979414727,0.2474500728550613,,,0.8940564442710366,2.757402101241643,8875000000.0,0.06650480707985822,-4.484472049689441,0.06334255033758215,-2.76,6.339285714285714,Low Rate Bull Market
2018,GM,General Motors,Automotive,133045000000.0,12389000000.0,4445000000.0,8014000000.0,,3880000000.0,227339000000.0,38860000000.0,,75293000000.0,82237000000.0,20844000000.0,15256000000.0,8761000000.0,1400000000.0,4445000000.0,True,0.09311886955541358,0.033409748581307075,0.06023525874704048,0.033409748581307075,,0.20622748327328874,0.03525132071487954,0.11438497169325784,,,0.9155611221226455,1.1456185567010309,6495000000.0,0.04881806907437333,1.9036685799850261,0.06584990040963584,5.724285714285714,4.639285714285714,Low Rate Bull Market
2019,GM,General Motors,Automotive,122697000000.0,12046000000.0,5481000000.0,6732000000.0,,4423000000.0,228037000000.0,41792000000.0,,74992000000.0,84905000000.0,19069000000.0,15021000000.0,7592000000.0,1400000000.0,5481000000.0,True,0.09817680953894553,0.044671018851316656,0.054866867160566275,0.044671018851316656,,0.16108346094946402,0.02952152501567728,0.13114950229709035,,,0.883245980802073,1.2392041600723491,7429000000.0,0.060547527649412784,2.231283422459893,0.06187600348826785,4.808571428571429,5.3064285714285715,Low Rate Bull Market
2020,GM,General Motors,Automotive,108673000000.0,11134000000.0,6634000000.0,6427000000.0,,4121000000.0,235194000000.0,45030000000.0,,80924000000.0,79910000000.0,19992000000.0,16670000000.0,5300000000.0,1400000000.0,6634000000.0,True,0.10245415144516117,0.0610455218867612,0.059140724927074804,0.0610455218867612,,0.1427270708416611,0.027326377373572457,0.14732400621807684,,,1.0126892754348642,1.609803445765591,11370000000.0,0.10462580401755726,2.593745137700327,0.048770163702115524,4.590714285714285,8.121428571428572,COVID Shock
2021,GM,General Motors,Automotive,113590000000.0,13046000000.0,9324000000.0,10019000000.0,,3403000000.0,244718000000.0,59744000000.0,,82103000000.0,74408000000.0,20067000000.0,15188000000.0,7509000000.0,1500000000.0,9324000000.0,True,0.11485165947706664,0.08208469055374593,0.0882031869002553,0.08208469055374593,,0.16769884841992502,0.04094100147925367,0.15606588109266203,,,1.1034162993226535,2.7399353511607405,7679000000.0,0.0676027819350295,1.5159197524703065,0.0661061713178977,6.679333333333333,5.1193333333333335,COVID Rebound
2022,GM,General Motors,Automotive,143975000000.0,,10315000000.0,9934000000.0,,3606000000.0,264037000000.0,67792000000.0,,100451000000.0,91173000000.0,19153000000.0,16043000000.0,9238000000.0,1400000000.0,10315000000.0,True,,0.07164438270533079,0.06899808994617121,0.07164438270533079,,0.1465364644795846,0.03762351488617126,0.1521565966485721,,,1.1017625832209097,2.86051026067665,6805000000.0,0.047265150199687446,1.6149587276021744,0.06416391734676159,7.095714285714286,4.860714285714286,Inflation & Rate Hikes
2023,GM,General Motors,Automotive,157658000000.0,,9298000000.0,10127000000.0,,5515000000.0,273064000000.0,64286000000.0,,101618000000.0,94445000000.0,18853000000.0,20930000000.0,10970000000.0,1200000000.0,9298000000.0,True,,0.05897575765264053,0.06423397480622614,0.05897575765264053,,0.15753041097595122,0.03708654381390443,0.14463491273372117,,,1.0759489650060883,1.685947416137806,9960000000.0,0.06317471996346523,2.066752246469833,0.0695809917669893,8.439166666666667,8.3,Inflation & Rate Hikes
2024,GM,General Motors,Automotive,171606000000.0,,12784000000.0,6008000000.0,,6183000000.0,279761000000.0,63072000000.0,,108545000000.0,96265000000.0,19872000000.0,20129000000.0,10830000000.0,995000000.0,12784000000.0,True,,0.07449622973555703,0.035010430870715474,0.07449622973555703,,0.09525621511922881,0.02147547370791497,0.20268899036022323,,,1.127564535397081,2.0676047226265566,9299000000.0,0.054188082001794806,3.3503661784287617,0.06310968147966854,6.038190954773869,9.34572864321608,Normalization
2008,TSLA,Tesla,Automotive,,,,,,,,-199714000.0,,,,9277000.0,,,,,True,,,,,,,,,,,,,,,,,,,Financial Crisis
2009,TSLA,Tesla,Automotive,111943000.0,9535000.0,-51897000.0,-55740000.0,19282000.0,2531000.0,,-253523000.0,,,,69627000.0,-80825000.0,11884000.0,,-51897000.0,True,0.08517727772169766,-0.4636020117381167,-0.4979319832414711,-0.4636020117381167,0.17224837640584942,0.2198617087995961,,0.20470332080324072,,,,-20.50454365863295,-92709000.0,-0.828180413246027,1.4500358808754934,0.10616117131039904,,,Financial Crisis
2010,TSLA,Tesla,Automotive,97078000.0,30731000.0,-146838000.0,-154328000.0,92996000.0,992000.0,386082000.0,207048000.0,71828000.0,235886000.0,85565000.0,99558000.0,-127817000.0,40203000.0,94908370.0,-146838000.0,True,0.3165598796843775,-1.512577514987948,-1.5897319681081192,-1.512577514987948,0.9579513380992604,-0.7453730535914377,-0.3997285550737926,-0.5265350908647571,0.34691472508790233,0.18604337938572635,2.7568047683047974,-50.0,-168020000.0,-1.730773192690414,0.8282165258410658,0.4141309050454274,-1.6260736539885787,-1.7703391176141787,Post-Crisis Recovery
2011,TSLA,Tesla,Automotive,148568000.0,61595000.0,-251488000.0,-254411000.0,208981000.0,43000.0,713448000.0,224045000.0,268335000.0,372838000.0,191339000.0,255266000.0,-128034000.0,184226000.0,104530305.0,-251488000.0,True,0.4145912982607291,-1.6927467556943623,-1.7124212481826504,-1.6927467556943623,1.4066353454310485,-1.135535271931978,-0.35659361298931386,-0.510759982127625,1.1976835010823719,0.37611010192754063,1.948572951672163,-50.0,-312260000.0,-2.101798503042378,0.5032565415803562,1.2400113079532604,-2.4338492076532257,-2.9872676636694018,Post-Crisis Recovery
2012,TSLA,Tesla,Automotive,385699000.0,30067000.0,-394283000.0,-396213000.0,273978000.0,254000.0,1114190000.0,124700000.0,452336000.0,524768000.0,539108000.0,201890000.0,-266081000.0,239228000.0,114214274.0,-394283000.0,True,0.07795457079224992,-1.0222556967998362,-1.0272595988063231,-1.0222556967998362,0.710341483903251,-3.1773295910184443,-0.3556063149014082,-0.6832901240130599,3.627393744987971,0.4059774365233937,0.973400506021057,-50.0,-505309000.0,-1.3101122896351818,0.6715604990245146,0.6202453208330848,-3.4690322507325133,-4.424219340570339,Post-Crisis Recovery
2013,TSLA,Tesla,Automotive,1921877000.0,456262000.0,-61283000.0,-74014000.0,231976000.0,32934000.0,2416930000.0,667120000.0,0.0,1265939000.0,675160000.0,845889000.0,257994000.0,264224000.0,123090990.0,-61283000.0,True,0.23740437083122384,-0.031887056247616265,-0.038511309516686035,-0.031887056247616265,0.1207028337401405,-0.11094555702122556,-0.030623145891689043,-0.09186203381700443,0.0,0.0,1.8750207358255822,-1.860782170401409,-6230000.0,-0.0032416226428642414,-3.4857459399573054,0.13748226343309172,-0.6012950257366522,-0.05061296525440245,Post-Crisis Recovery
2014,TSLA,Tesla,Automotive,2874448000.0,881671000.0,-186689000.0,-294040000.0,464700000.0,100886000.0,5830667000.0,911710000.0,2959795000.0,3180073000.0,2107166000.0,1905713000.0,-57337000.0,969885000.0,125688000.0,-186689000.0,True,0.3067270655096213,-0.06494777432049562,-0.10229442313793814,-0.06494777432049562,0.1616658224466054,-0.3225148347610534,-0.050429907933346216,-0.04822129895221626,3.2464215594871177,0.5076254569159926,1.5091706111431182,-1.8504946176872905,-1027222000.0,-0.3573632224343596,0.19499727928173038,0.33741608823676755,-2.339443701864935,-8.172792947616319,Low Rate Bull Market
2015,TSLA,Tesla,Automotive,3431587000.0,923503000.0,-716629000.0,-888663000.0,717900000.0,118851000.0,8067939000.0,1083704000.0,2021093000.0,2782006000.0,2811035000.0,1196908000.0,-524499000.0,1634850000.0,131425000.0,-716629000.0,True,0.269118340872605,-0.20883311424131168,-0.2589656039610827,-0.20883311424131168,0.20920349680774522,-0.8200237334179813,-0.11014746145205113,-0.230813479915112,1.864986195492496,0.2505092068742711,0.9896731986617029,-6.029642156986479,-2159349000.0,-0.6292566675418692,0.5902113624624857,0.47641222559707797,-6.7617500475556405,-16.430275822712574,Low Rate Bull Market
2016,TSLA,Tesla,Automotive,5589007000.0,1599257000.0,-667340000.0,-674914000.0,834408000.0,198810000.0,22664076000.0,4752911000.0,5892016000.0,6259796000.0,5827005000.0,3393000000.0,-123829000.0,1280802000.0,161561000.0,-667340000.0,True,0.28614331669292953,-0.11940224802008657,-0.12075740824801257,-0.11940224802008657,0.14929449900492162,-0.1420001342335255,-0.029779021214012873,-0.06269089492112065,1.2396647023266374,0.25997159557707095,1.0742733187975642,-3.3566721995875457,-1404631000.0,-0.2513203150398631,0.18347374628471183,0.22916450095696786,-4.177456193016879,-8.694121724921237,Low Rate Bull Market
2017,TSLA,Tesla,Automotive,8534752000.0,2223000000.0,-1632000000.0,-1962000000.0,1378000000.0,471000000.0,28655372000.0,4237242000.0,8828985000.0,6570520000.0,7674670000.0,3368000000.0,-61000000.0,3415000000.0,168797000.0,-1632000000.0,True,0.26046451027516676,-0.19121820997259206,-0.22988365684205,-0.19121820997259206,0.16145753268519109,-0.46303704154730835,-0.06846883718696795,-0.12490216188651858,2.083663146924344,0.3081092438792977,0.8561306219029613,-3.464968152866242,-3476000000.0,-0.40727604035829046,0.03109072375127421,0.40012879108848154,-11.623429326350587,-20.59278304709207,Low Rate Bull Market
2018,TSLA,Tesla,Automotive,21461268000.0,4042000000.0,-388000000.0,-976000000.0,1460000000.0,663000000.0,29740000000.0,4923000000.0,8411000000.0,8307000000.0,9993000000.0,3686000000.0,2098000000.0,2101000000.0,173000000.0,-388000000.0,True,0.18833929104282188,-0.018079080881893837,-0.045477275620433986,-0.018079080881893837,0.06802953115351805,-0.19825309770465163,-0.032817753866845996,-0.02909854507274636,1.7085110704854762,0.282817753866846,0.8312818973281297,-0.5852187028657617,-3000000.0,-0.0001397867078496946,-2.1495901639344264,0.09789729106406947,-5.641618497109826,-0.017341040462427744,Low Rate Bull Market
2019,TSLA,Tesla,Automotive,24578000000.0,4069000000.0,-69000000.0,-862000000.0,1343000000.0,685000000.0,34309000000.0,6618000000.0,10402000000.0,12103000000.0,10667000000.0,6268000000.0,2405000000.0,1327000000.0,905000000.0,-69000000.0,True,0.1655545609895028,-0.002807388721620962,-0.03507201562372854,-0.002807388721620962,0.05464236308894133,-0.13025083106678756,-0.025124602873881487,-0.004054054054054054,1.5717739498337866,0.3031857530094144,1.1346207931002157,-0.10072992700729927,1078000000.0,0.043860362926194156,-2.7900232018561484,0.053991374399869806,-0.9524861878453039,1.1911602209944752,Low Rate Bull Market
2020,TSLA,Tesla,Automotive,31536000000.0,6630000000.0,1994000000.0,721000000.0,1491000000.0,748000000.0,52148000000.0,22225000000.0,8462000000.0,26717000000.0,14248000000.0,19384000000.0,5943000000.0,3157000000.0,960000000.0,1994000000.0,True,0.2102359208523592,0.06322932521562659,0.022862760020294266,0.06322932521562659,0.047279299847793,0.03244094488188976,0.013826033596686355,0.06497865545670806,0.38074240719910013,0.16226892690036052,1.8751403705783267,2.665775401069519,2786000000.0,0.08834348046676814,8.242718446601941,0.1001078132927448,0.7510416666666667,2.902083333333333,COVID Shock
2021,TSLA,Tesla,Automotive,53823000000.0,13606000000.0,6523000000.0,5519000000.0,2593000000.0,371000000.0,62131000000.0,30189000000.0,4254000000.0,27100000000.0,19705000000.0,17576000000.0,11497000000.0,6482000000.0,3100000000.0,6523000000.0,True,0.25279155751258753,0.12119354179440016,0.10253980640246735,0.12119354179440016,0.04817643015067908,0.1828149325913412,0.08882844312822906,0.1893853613216038,0.14091225280731393,0.06846823646810771,1.3752854605430094,17.5822102425876,5015000000.0,0.09317577987105884,2.083167240442109,0.12043178566783717,1.7803225806451612,1.617741935483871,COVID Rebound
2022,TSLA,Tesla,Automotive,81462000000.0,20853000000.0,13656000000.0,12556000000.0,3075000000.0,191000000.0,82338000000.0,44704000000.0,1029000000.0,40917000000.0,26709000000.0,16253000000.0,14724000000.0,7158000000.0,3164000000.0,13656000000.0,True,0.25598438535759005,0.16763644398615304,0.15413321548697553,0.16763644398615304,0.03774766148633719,0.2808697208303508,0.1524933809419709,0.2986027594953316,0.0230180744452398,0.012497267361364132,1.53195552061103,50.0,7566000000.0,0.09287766074979745,1.172666454284804,0.08786919054282978,3.968394437420986,2.391276864728192,Inflation & Rate Hikes
2023,TSLA,Tesla,Automotive,96773000000.0,17660000000.0,8891000000.0,14997000000.0,3969000000.0,156000000.0,106618000000.0,62634000000.0,2682000000.0,49616000000.0,28748000000.0,16398000000.0,13256000000.0,8899000000.0,3185000000.0,8891000000.0,True,0.18248891736331416,0.0918747997891974,0.15497091130790613,0.0918747997891974,0.04101350583323861,0.23943864354823258,0.1406610516047947,0.13612284891910098,0.04282019350512501,0.025155227072351762,1.7258939752330598,50.0,4357000000.0,0.04502288861562626,0.8839101153564046,0.0919574674754322,4.708634222919938,1.3679748822605966,Inflation & Rate Hikes
2024,TSLA,Tesla,Automotive,97690000000.0,17450000000.0,7076000000.0,7091000000.0,4540000000.0,350000000.0,122070000000.0,72913000000.0,5535000000.0,58360000000.0,28821000000.0,16139000000.0,14923000000.0,11342000000.0,3216000000.0,7076000000.0,True,0.17862626676220697,0.07243320708363189,0.07258675401781145,0.07243320708363189,0.04647353874500972,0.09725289043106168,0.05808962070942902,0.0901998776259433,0.07591238873726222,0.04534283607766036,2.024912390270983,20.217142857142857,3581000000.0,0.03665677141979732,2.1044986602735865,0.11610195516429522,2.204912935323383,1.113495024875622,Normalization
2006,BAC,Bank of America,Banking,,,,,,,,135272000000.0,,,,36429000000.0,,,,,True,,,,,,,,,,,,,,,,,,,Pre-Crisis Buildup
2007,BAC,Bank of America,Banking,66833000000.0,,20924000000.0,14982000000.0,,52863000000.0,,146803000000.0,,,,42531000000.0,11036000000.0,2143000000.0,4463213000.0,20924000000.0,True,,0.31307886822378167,0.22417069411817514,0.31307886822378167,,0.10205513511304265,,0.14253114718364066,,,,0.39581559881202355,8893000000.0,0.1330630077955501,0.736617274062208,0.03206499783041312,3.3567745926533195,1.9925107764294467,Pre-Crisis Buildup
2008,BAC,Bank of America,Banking,72782000000.0,,4428000000.0,4008000000.0,,40324000000.0,0.0,177052000000.0,268292000000.0,,,32857000000.0,4034000000.0,2098000000.0,5017435592.0,4428000000.0,True,,0.06083921848808772,0.05506856090791679,0.06083921848808772,,0.022637417255947406,2.0,0.009942875619745635,1.5153288299482637,inf,,0.10981053466917964,1936000000.0,0.026599983512406913,1.0064870259481038,0.02882580857904427,0.7988144394699387,0.3858544797439624,Financial Crisis
2009,BAC,Bank of America,Banking,119643000000.0,,4360000000.0,6276000000.0,,30807000000.0,2330671000000.0,231444000000.0,522877000000.0,,,121339000000.0,129731000000.0,2240000000.0,8650243926.0,4360000000.0,True,,0.036441747532241754,0.05245605676888744,0.036441747532241754,,0.027116710737802665,0.0026927867554021995,0.0057800326386246706,2.259194448765144,0.22434612178209623,,0.14152627649560165,127491000000.0,1.0655951455580353,10.0,0.018722365704637964,0.7255286733748922,14.738428313772848,Financial Crisis
2010,BAC,Bank of America,Banking,110220000000.0,,-1323000000.0,-2238000000.0,,23974000000.0,2264909000000.0,228248000000.0,448431000000.0,,,108427000000.0,82541000000.0,987000000.0,10085154806.0,-1323000000.0,True,,-0.01200326619488296,-0.02030484485574306,-0.01200326619488296,,-0.009805124250814904,-0.0009881191694677358,-0.001955136778295174,1.9646656268620097,0.1979907360516471,,-0.0551847835154751,81554000000.0,0.7399201596806387,-10.0,0.008954817637452367,-0.2219103269162054,8.086539232048354,Post-Crisis Recovery
2011,BAC,Bank of America,Banking,93454000000.0,,-230000000.0,1446000000.0,,21620000000.0,2129046000000.0,230101000000.0,372265000000.0,,,120102000000.0,64448000000.0,1307000000.0,10535937957.0,-230000000.0,True,,-0.002461103858582832,0.015472852954394675,-0.002461103858582832,,0.006284196939604783,0.0006791774344001961,-0.00038182765959566113,1.617833038535252,0.17485061384300762,,-0.010638297872340425,63141000000.0,0.6756372118903418,10.0,0.01398549018768592,0.1372445439505733,5.992916839269121,Post-Crisis Recovery
2012,BAC,Bank of America,Banking,83334000000.0,,3072000000.0,4188000000.0,,16744000000.0,2209974000000.0,236956000000.0,275585000000.0,,,110752000000.0,-16056000000.0,-5000000.0,10778263628.0,3072000000.0,True,,0.03686370509035928,0.050255597955216356,0.03686370509035928,,0.01767416735596482,0.001895044919080496,0.0059936668481155655,1.16302182683705,0.12470056208806077,,0.18346870520783565,-16051000000.0,-0.19261045911632707,-3.833810888252149,-5.999952000383997e-05,0.3885598037442994,-1.4892009097181826,Post-Crisis Recovery
2013,BAC,Bank of America,Banking,88942000000.0,,16172000000.0,11431000000.0,,12755000000.0,2102273000000.0,232475000000.0,249674000000.0,,,131322000000.0,92817000000.0,521000000.0,10591808296.0,16172000000.0,True,,0.18182635875064648,0.12852195813001732,0.18182635875064648,,0.0491708785890956,0.005437447943249997,0.03354149858238843,1.073982148618131,0.11876383324144867,,1.2678949431595452,92296000000.0,1.0377099682939444,8.119762050564255,0.005857749994378359,1.0792302580020185,8.713903936012098,Post-Crisis Recovery
2014,BAC,Bank of America,Banking,85894000000.0,,7963000000.0,5520000000.0,,10935000000.0,2104534000000.0,243476000000.0,243139000000.0,,,138589000000.0,30795000000.0,1160000000.0,10516542476.0,7963000000.0,True,,0.09270729038116748,0.06426525717745128,0.09270729038116748,,0.022671639093791586,0.002622908444339697,0.016364066048107848,0.9986158800046,0.1155310391754184,,0.7282121627800641,29635000000.0,0.345018278343074,5.578804347826087,0.013505017812652804,0.5248873394081084,2.817941359304219,Low Rate Bull Market
2015,BAC,Bank of America,Banking,82965000000.0,,22187000000.0,15910000000.0,,10549000000.0,2144287000000.0,255615000000.0,236764000000.0,,,159353000000.0,28397000000.0,-294000000.0,10380265063.0,22187000000.0,True,,0.26742602302175617,0.19176761284879165,0.26742602302175617,,0.062242043698530994,0.007419715737678772,0.04506081697229167,0.9262523717309235,0.11041618962387031,,2.1032325338894684,28691000000.0,0.34582052672813834,1.7848522941546197,-0.003543662990417646,1.5327161593118175,2.7639949294038564,Low Rate Bull Market
2016,BAC,Bank of America,Banking,83701000000.0,,25021000000.0,17822000000.0,,9961000000.0,2188067000000.0,266195000000.0,216823000000.0,,,147738000000.0,17277000000.0,-408000000.0,10052625604.0,25021000000.0,True,,0.29893310713133653,0.21292457676730267,0.29893310713133653,,0.0669509194387573,0.008145088792984858,0.05180138214310854,0.814526944533143,0.09909340070482302,,2.5118963959441825,17685000000.0,0.21128779823419075,0.969419818202222,-0.004874493733647149,1.7728701636822641,1.7592418833307621,Low Rate Bull Market
2017,BAC,Bank of America,Banking,87126000000.0,,29213000000.0,18232000000.0,,12340000000.0,2281234000000.0,267146000000.0,227402000000.0,,,157434000000.0,9864000000.0,-8411000000.0,10287302431.0,29213000000.0,True,,0.3352960080802516,0.2092601519638225,0.3352960080802516,,0.06824732543253502,0.007992165643682323,0.05907010037448337,0.8512274187148601,0.09968376764505527,,2.3673419773095623,18275000000.0,0.2097536900580768,0.5410267661254936,-0.09653834676216055,1.7722819098872082,1.7764618200520366,Low Rate Bull Market
2018,BAC,Bank of America,Banking,91020000000.0,,34584000000.0,28147000000.0,,18607000000.0,2354507000000.0,265325000000.0,229392000000.0,,,177404000000.0,39520000000.0,1986000000.0,9669286370.0,34584000000.0,True,,0.3799604482531312,0.30923972753241047,0.3799604482531312,,0.1060849901064732,0.011954519566091755,0.06990663348944952,0.8645698671440686,0.09742676492361246,,1.8586553447627236,37534000000.0,0.4123709074928587,1.4040572707570966,0.02181938035596572,2.9109697368493594,3.881775610292531,Low Rate Bull Market
2019,BAC,Bank of America,Banking,91244000000.0,,32754000000.0,27430000000.0,,22345000000.0,2434079000000.0,264810000000.0,240856000000.0,,,161560000000.0,61777000000.0,2974000000.0,8836148954.0,32754000000.0,True,,0.3589715488141686,0.3006225066853711,0.3589715488141686,,0.10358370152184586,0.011269149440096233,0.06477398124453691,0.9095426909859899,0.09895159524403276,,1.4658312821660326,58803000000.0,0.6444588137302178,2.2521691578563616,0.03259392398404279,3.1042935268291085,6.6548221749227885,Low Rate Bull Market
2020,BAC,Bank of America,Banking,85528000000.0,,18995000000.0,17894000000.0,,8225000000.0,2819627000000.0,272924000000.0,262934000000.0,,,36430000000.0,37993000000.0,3489000000.0,8650814105.0,18995000000.0,True,,0.22209101113085772,0.20921803386025628,0.22209101113085772,,0.06556403980595331,0.006346229483545164,0.03544782386378481,0.9633964033943515,0.09325134140083068,,2.309422492401216,34504000000.0,0.4034234402768684,2.1232256622331507,0.04079365821719203,2.068475843176149,3.988526349220401,COVID Shock
2021,BAC,Bank of America,Banking,89113000000.0,,33976000000.0,31978000000.0,,4738000000.0,3169495000000.0,270066000000.0,280117000000.0,,,29222000000.0,-7193000000.0,3479000000.0,8077831463.0,33976000000.0,True,,0.3812687262240077,0.35884775509746053,0.3812687262240077,,0.11840809283656588,0.010089304447553947,0.06175399821513933,1.0372168284789645,0.08837906354166832,,7.1709582102152805,-10672000000.0,-0.11975805999124707,-0.22493589342673087,0.039040319594223064,3.958735725853309,-1.3211466528959444,COVID Rebound
2022,BAC,Bank of America,Banking,94950000000.0,,30969000000.0,27528000000.0,,20103000000.0,3051375000000.0,273197000000.0,275982000000.0,,,30334000000.0,-6327000000.0,4612000000.0,7996777943.0,30969000000.0,True,,0.3261611374407583,0.2899210110584518,0.3261611374407583,,0.10076245346764423,0.009021506697800172,0.05639144978231141,1.01019410901291,0.09044512719675556,,1.54051634084465,-10939000000.0,-0.11520800421274355,-0.22983870967741934,0.04857293312269616,3.4423864456679962,-1.3679259419195804,Inflation & Rate Hikes
2023,BAC,Bank of America,Banking,102769000000.0,,32530000000.0,26305000000.0,,73331000000.0,3180151000000.0,290209000000.0,302204000000.0,,,27892000000.0,44982000000.0,5258000000.0,7895457665.0,32530000000.0,True,,0.31653514192022886,0.25596240111317614,0.31653514192022886,,0.09064157210837706,0.008271619806732447,0.054911016469928915,1.0413322812180188,0.09502819205754695,,0.4436050237962117,39724000000.0,0.38653679611556013,1.7100171070138757,0.051163288540318576,3.3316624717789556,5.031247292489915,Inflation & Rate Hikes
2024,BAC,Bank of America,Banking,105856000000.0,,33223000000.0,26973000000.0,,61993000000.0,3261299000000.0,293963000000.0,283279000000.0,,,26003000000.0,-8805000000.0,4145000000.0,7610862311.0,33223000000.0,True,,0.3138508917775091,0.2548084189842805,0.3138508917775091,,0.09175644553906444,0.00827063081305946,0.05755471708572834,0.9636552899514564,0.08686078768000113,,0.5359153452809188,-12950000000.0,-0.12233600362756952,-0.32643754865977087,0.03915696795646917,3.5440136607143518,-1.7015154749657382,Normalization
2006,C,Citigroup,Banking,,,,,,,,0.0,,,,26514000000.0,,,,,True,,,,,,,,,,,,,,,,,,,Pre-Crisis Buildup
2007,C,Citigroup,Banking,77300000000.0,,646000000.0,3617000000.0,,75958000000.0,,118755000000.0,,,,38206000000.0,-71551000000.0,4003000000.0,4924000000.0,646000000.0,True,,0.008357050452781371,0.04679172056921087,0.008357050452781371,,0.03045766494042356,,0.005439770957012337,,,,0.008504699965770558,-75554000000.0,-0.9774126778783958,-10.0,0.05178525226390686,0.7345653939886271,-15.344029244516653,Pre-Crisis Buildup
2008,C,Citigroup,Banking,51599000000.0,,-52355000000.0,-27684000000.0,,52750000000.0,1938470000000.0,141630000000.0,359593000000.0,,,29253000000.0,97686000000.0,3780000000.0,5768900000.0,-52355000000.0,True,,-1.0146514467334637,-0.5365220256206515,-1.0146514467334637,,-0.19546706206312223,-0.014281366232131526,-0.10445450428252494,2.5389606721739746,0.18550351565925705,,-0.9925118483412322,93906000000.0,1.819918990678114,-3.5286085825747726,0.07325723366731914,-4.798835133214304,16.277973270467506,Financial Crisis
2009,C,Citigroup,Banking,80285000000.0,,-7799000000.0,-1606000000.0,,27902000000.0,1856646000000.0,152700000000.0,364019000000.0,,,25472000000.0,-54610000000.0,2264000000.0,1209900000.0,-7799000000.0,True,,-0.09714143364264807,-0.020003736688048827,-0.09714143364264807,,-0.01051735428945645,-0.0008650006517128198,-0.015093309903448489,2.3838834315651605,0.19606268507836172,,-0.27951401333237763,-56874000000.0,-0.7084013202964439,10.0,0.02819953914180731,-1.3273824282998594,-47.00719067691545,Financial Crisis
2010,C,Citigroup,Banking,86601000000.0,,13184000000.0,10602000000.0,,25096000000.0,1913902000000.0,163468000000.0,381183000000.0,,,27972000000.0,35686000000.0,2363000000.0,2967800000.0,13184000000.0,True,,0.15223842680800453,0.12242352859666747,0.15223842680800453,,0.06485673036924658,0.0055394685830308975,0.02420632662016594,2.3318508821298356,0.19916537001372067,,0.5253426840930826,33323000000.0,0.3847877045299708,3.3659686851537445,0.027286059052435883,3.5723431498079385,11.228182492081677,Post-Crisis Recovery
2011,C,Citigroup,Banking,77331000000.0,,14722000000.0,11067000000.0,,24209000000.0,1873878000000.0,177806000000.0,323505000000.0,,,28701000000.0,64795000000.0,3448000000.0,2998800000.0,14722000000.0,True,,0.19037643377170863,0.14311207665748535,0.19037643377170863,,0.06224199408343926,0.005905934110972006,0.02936699972671655,1.8194267909969293,0.17263930736152514,,0.6081209467553389,61347000000.0,0.7933041083136129,5.8547935303153515,0.044587552210627046,3.6904761904761907,20.45718287314926,Post-Crisis Recovery
2012,C,Citigroup,Banking,69190000000.0,,7825000000.0,7541000000.0,,20612000000.0,1864660000000.0,189049000000.0,239463000000.0,,,36453000000.0,-10362000000.0,3604000000.0,3015500000.0,7825000000.0,True,,0.11309437780026016,0.10898973840150311,0.11309437780026016,,0.03988912927336299,0.00404416891014984,0.018260865506683592,1.2666716036583108,0.1284218034386966,,0.3796332233650301,-13966000000.0,-0.20184997832056656,-1.3740883171993103,0.052088452088452086,2.5007461449179242,-4.631404410545515,Post-Crisis Recovery
2013,C,Citigroup,Banking,76724000000.0,,19802000000.0,13659000000.0,,16177000000.0,1880382000000.0,204339000000.0,221116000000.0,,,29885000000.0,63244000000.0,3490000000.0,3041600000.0,19802000000.0,True,,0.25809394713518585,0.17802773578019915,0.25809394713518585,,0.06684480202017236,0.007263949559185315,0.04654311266761467,1.0821037589495888,0.11759100012657003,,1.2240835754466217,59754000000.0,0.7788175798967728,4.630207189398931,0.045487722225118606,4.49072856391373,19.6455812730142,Post-Crisis Recovery
2014,C,Citigroup,Banking,77219000000.0,,14701000000.0,7310000000.0,,13690000000.0,1842181000000.0,210185000000.0,223080000000.0,,,32108000000.0,46343000000.0,3386000000.0,3037000000.0,14701000000.0,True,,0.19038060580945104,0.09466582058819721,0.19038060580945104,,0.034778885267740325,0.0039681225677607145,0.03393073523132494,1.0613507148464447,0.12109559266977567,,1.0738495252008766,42957000000.0,0.5563009103977,6.339671682626539,0.043849311697898186,2.4069805729338163,14.144550543299308,Low Rate Bull Market
2015,C,Citigroup,Banking,76354000000.0,,24826000000.0,17242000000.0,,11921000000.0,1731210000000.0,221857000000.0,201275000000.0,,,133097000000.0,39737000000.0,3198000000.0,3007700000.0,24826000000.0,True,,0.3251434109542395,0.22581659114126307,0.3251434109542395,,0.07771672744155018,0.009959508089717597,0.05867199833621659,0.9072285300892016,0.11626261400985438,,2.0825434107876855,36539000000.0,0.478547292872672,2.3046630321308434,0.04188385677240223,5.732619609668517,12.148485553745386,Low Rate Bull Market
2016,C,Citigroup,Banking,70797000000.0,,21477000000.0,14912000000.0,,12512000000.0,1792077000000.0,225120000000.0,206178000000.0,,,160494000000.0,53733000000.0,2756000000.0,2888300000.0,21477000000.0,True,,0.3033603118776219,0.21063039394324617,0.3033603118776219,,0.06624022743425728,0.008321071025407948,0.04979619659724831,0.9158582089552239,0.11504974395631437,,1.7165121483375958,50977000000.0,0.7200446346596607,3.6033395922746783,0.03892820317245081,5.162898590866599,17.649482394488107,Low Rate Bull Market
2017,C,Citigroup,Banking,72444000000.0,64993000000.0,22761000000.0,-6798000000.0,,16518000000.0,1842465000000.0,200740000000.0,236709000000.0,,,180516000000.0,-8774000000.0,3361000000.0,2698500000.0,22761000000.0,True,,0.3141875103528243,-0.09383799900612887,0.3141875103528243,,-0.03386470060775132,-0.0036896223266113604,0.05203120820941413,1.1791820265019428,0.12847408227564702,,1.3779513258263711,-12135000000.0,-0.16750869637237037,1.2906737275669316,0.04639445640770802,-2.519177320733741,-4.496942745969983,Low Rate Bull Market
2018,C,Citigroup,Banking,72854000000.0,65286000000.0,23445000000.0,18045000000.0,,24266000000.0,1917383000000.0,196220000000.0,231999000000.0,,,188105000000.0,36952000000.0,3774000000.0,2494800000.0,23445000000.0,True,,0.3218079995607654,0.24768715513218217,0.3218079995607654,,0.09196310263989399,0.0094112652506046,0.05475002276872348,1.1823412496177759,0.12099773493350051,,0.9661666529300256,33178000000.0,0.4554039586021358,2.0477694652258243,0.0518022346061987,7.233044733044733,13.298861632194965,Low Rate Bull Market
2019,C,Citigroup,Banking,75067000000.0,73087000000.0,23901000000.0,19401000000.0,,28382000000.0,1951158000000.0,193242000000.0,248760000000.0,,,23967000000.0,-12837000000.0,5336000000.0,2265300000.0,23901000000.0,True,,0.3183955666271464,0.25844911878721677,0.3183955666271464,,0.10039742913031328,0.009943325963350994,0.05407441595286899,1.2872977924053777,0.12749351923319382,,0.8421182439574378,-18173000000.0,-0.2420903992433426,-0.6616669243853409,0.07108316570530326,8.564428552509602,-8.0223369973072,Low Rate Bull Market
2020,C,Citigroup,Banking,75501000000.0,68541000000.0,13632000000.0,11047000000.0,,13338000000.0,2260000000000.0,199442000000.0,271686000000.0,,,26349000000.0,-23488000000.0,3446000000.0,2099000000.0,13632000000.0,True,,0.18055389994834506,0.14631594283519422,0.18055389994834506,,0.055389536807693464,0.004888053097345133,0.02893481177089878,1.362230623439396,0.12021504424778762,,1.02204228520018,-26934000000.0,-0.3567369968609687,-2.1261881053679734,0.045641779579078424,5.262982372558361,-12.831824678418295,COVID Shock
2021,C,Citigroup,Banking,71884000000.0,,27469000000.0,21952000000.0,,7981000000.0,2291000000000.0,201972000000.0,254374000000.0,,,27515000000.0,47090000000.0,4119000000.0,2049400000.0,27469000000.0,True,,0.38212954203995325,0.3053808914362028,0.38212954203995325,,0.10868833303626245,0.009581841990397206,0.06019336205423078,1.2594518052007209,0.11103186381492798,,3.4417992732740257,42971000000.0,0.5977825385343053,2.145134839650146,0.05730065104891214,10.711427734946813,20.967600273250707,COVID Rebound
2022,C,Citigroup,Banking,75338000000.0,,18807000000.0,14845000000.0,,25740000000.0,2417000000000.0,201189000000.0,271606000000.0,,,30577000000.0,25069000000.0,5632000000.0,1964300000.0,18807000000.0,True,,0.24963497836417214,0.19704531577689877,0.24963497836417214,,0.0737863402074666,0.006141911460488208,0.03977833944944426,1.3500042248830701,0.11237318990484071,,0.7306526806526806,19437000000.0,0.2579972922031379,1.6887167396429774,0.07475643101754759,7.5573995825484905,9.895128035432469,Inflation & Rate Hikes
2023,C,Citigroup,Banking,78066000000.0,,12910000000.0,9228000000.0,,78358000000.0,2412000000000.0,205453000000.0,286619000000.0,,,27342000000.0,-73416000000.0,6583000000.0,1955800000.0,12910000000.0,True,,0.16537288960623062,0.11820767043271078,0.16537288960623062,,0.044915382106856555,0.003825870646766169,0.026235997984034858,1.3950587238930559,0.1188304311774461,,0.16475662982720335,-79999000000.0,-1.0247610995824046,-7.955786736020806,0.08432608305792534,4.7182738521321195,-40.90346661212803,Inflation & Rate Hikes
2024,C,Citigroup,Banking,80722000000.0,,17046000000.0,12682000000.0,,62104000000.0,2352945000000.0,208598000000.0,287300000000.0,,,22782000000.0,-19669000000.0,6500000000.0,1940100000.0,17046000000.0,True,,0.2111691979881569,0.15710710834716682,0.2111691979881569,,0.060796364298794814,0.005389841241507982,0.03437400433153592,1.3772902904150568,0.12210230158375993,,0.2744750740693031,-26169000000.0,-0.3241867148980451,-1.5509383378016086,0.080523277421273,6.536776454821917,-13.488479975259008,Normalization
2006,JPM,JPMorgan Chase,Banking,,,,,,,,,,,,40412000000.0,,,,,True,,,,,,,,,,,,,,,,,,,Pre-Crisis Buildup
2007,JPM,JPMorgan Chase,Banking,71372000000.0,,22805000000.0,15365000000.0,,44981000000.0,,123221000000.0,,,,40144000000.0,-110560000000.0,4973000000.0,3445000000.0,22805000000.0,True,,0.31952306226531413,0.21528050215770891,0.31952306226531413,,0.12469465432028631,,0.1850739727806137,,,,0.5069918409995331,-115533000000.0,-1.6187440452838648,-7.195574357305564,0.06967718432998936,4.4600870827285926,-33.53642960812772,Pre-Crisis Buildup
2008,JPM,JPMorgan Chase,Banking,67252000000.0,,2773000000.0,5605000000.0,,34239000000.0,2175052000000.0,166884000000.0,270683000000.0,,,26895000000.0,23930000000.0,934000000.0,3732800000.0,2773000000.0,True,,0.04123297448403022,0.08334324629750788,0.04123297448403022,,0.03358620359051796,0.0025769498844165563,0.006337315199729413,1.621982934253733,0.12444897869108416,,0.08098951488069162,22996000000.0,0.3419377862368405,4.269402319357717,0.01388806280854101,1.501553793399057,6.160522931847407,Financial Crisis
2009,JPM,JPMorgan Chase,Banking,100434000000.0,,16067000000.0,11728000000.0,,15198000000.0,2119673000000.0,160845000000.0,266318000000.0,,,26206000000.0,122797000000.0,762000000.0,3942000000.0,16067000000.0,True,,0.15997570543839734,0.1167732042933668,0.15997570543839734,,0.0729149180888433,0.005532928899882199,0.03761327643077701,1.6557431067176474,0.1256410776567895,,1.057178576128438,122035000000.0,1.2150765676961985,10.0,0.00758707210705538,2.9751395230847284,30.95763571790969,Financial Crisis
2010,JPM,JPMorgan Chase,Banking,102694000000.0,,24859000000.0,17370000000.0,,12781000000.0,2117605000000.0,176106000000.0,270653000000.0,,,27567000000.0,-3752000000.0,114000000.0,3910300000.0,24859000000.0,True,,0.24206867002940777,0.16914328003583462,0.24206867002940777,,0.0986337773840755,0.008202662913999542,0.05564297529540535,1.5368755181538392,0.12781089957758884,,1.9449964791487364,-3866000000.0,-0.03764582156698541,-0.21600460564191135,0.0011100940658655813,4.442114415773726,-0.9886709459632254,Post-Crisis Recovery
2011,JPM,JPMorgan Chase,Banking,97234000000.0,,26749000000.0,18976000000.0,,13604000000.0,2265792000000.0,183573000000.0,256775000000.0,,,59602000000.0,95932000000.0,63000000.0,3772700000.0,26749000000.0,True,,0.27509924512001976,0.1951580722792439,0.27509924512001976,,0.1033703213435527,0.008374996469225772,0.060745137936359425,1.3987623452250604,0.11332681905488236,,1.9662599235518965,95869000000.0,0.9859617006396939,5.05543844856661,0.000647921508937203,5.029819492671032,25.41124393670316,Post-Crisis Recovery
2012,JPM,JPMorgan Chase,Banking,97031000000.0,,28917000000.0,21284000000.0,,11043000000.0,2359141000000.0,204069000000.0,249024000000.0,,,53723000000.0,25079000000.0,3400000000.0,3804000000.0,28917000000.0,True,,0.2980181591450155,0.21935257804206904,0.2980181591450155,,0.10429805604966948,0.009021927896636955,0.06382133469287762,1.2202931361451275,0.10555706505037214,,2.6185819070904643,21679000000.0,0.2234234419927652,1.1783029505732006,0.03504034793004297,5.595162986330179,5.699001051524711,Post-Crisis Recovery
2013,JPM,JPMorgan Chase,Banking,97367000000.0,,26675000000.0,17886000000.0,,9350000000.0,2414879000000.0,211178000000.0,267889000000.0,,,39771000000.0,107953000000.0,828000000.0,3756100000.0,26675000000.0,True,,0.27396345784506043,0.18369673503343023,0.27396345784506043,,0.08469632253359725,0.007406582275964965,0.05568114689594566,1.2685459659623635,0.11093268027093697,,2.8529411764705883,107125000000.0,1.1002187599494695,6.035614447053561,0.008503907894871978,4.761854050744123,28.52027368813397,Post-Crisis Recovery
2014,JPM,JPMorgan Chase,Banking,95112000000.0,,30699000000.0,21745000000.0,,7897000000.0,2572274000000.0,231727000000.0,,,,27831000000.0,36593000000.0,-2181000000.0,3714800000.0,30699000000.0,True,,0.3227668433005299,0.2286251997644882,0.3227668433005299,,0.09383887074013818,0.008453609529933436,0.13247916729599918,,,,3.8874256046599975,38774000000.0,0.4076667507780301,1.6828236376178431,-0.022930860459248043,5.853612576720146,10.43770862495962,Low Rate Bull Market
2015,JPM,JPMorgan Chase,Banking,93543000000.0,,30702000000.0,24442000000.0,,7463000000.0,2351698000000.0,247573000000.0,,,,361683000000.0,73466000000.0,-3703000000.0,3663500000.0,30702000000.0,True,,0.3282126936275296,0.26129159851619044,0.3282126936275296,,0.0987264362430475,0.01039334132188742,0.12401190759897081,,,,4.113895216400911,77169000000.0,0.8249575061736314,3.005727845511824,-0.039586072715221875,6.671761976252218,21.064282789681997,Low Rate Bull Market
2016,JPM,JPMorgan Chase,Banking,96569000000.0,,34536000000.0,24733000000.0,,9818000000.0,2490972000000.0,254190000000.0,,,,391154000000.0,21884000000.0,2825000000.0,3561200000.0,34536000000.0,True,,0.3576302954364237,0.25611738756743885,0.3576302954364237,,0.09730123136236674,0.009929055806327811,0.13586687123805027,,,,3.5176206966795682,19059000000.0,0.19736147210802638,0.8848097683257187,0.029253694249707463,6.945130854768056,5.351847691789285,Low Rate Bull Market
2017,JPM,JPMorgan Chase,Banking,100705000000.0,,35900000000.0,24441000000.0,,13874000000.0,2533600000000.0,255693000000.0,,,,431304000000.0,-10827000000.0,563000000.0,3425300000.0,35900000000.0,True,,0.3564867682836006,0.24269897224566803,0.3564867682836006,,0.09558728631601178,0.009646747710767288,0.14040274860868307,,,,2.587573879198501,-11390000000.0,-0.11310262648329279,-0.4429851479072051,0.005590586366118862,7.13543339269553,-3.325256181940268,Low Rate Bull Market
2018,JPM,JPMorgan Chase,Banking,108783000000.0,,40764000000.0,32474000000.0,,21041000000.0,2622532000000.0,256515000000.0,,,,278793000000.0,15614000000.0,4986000000.0,3275800000.0,40764000000.0,True,,0.3747276688453159,0.29852090859785074,0.3747276688453159,,0.12659688517240708,0.012382689705978802,0.15891468335185077,,,,1.937360391616368,10628000000.0,0.0976990890120699,0.48081542156802365,0.045834367502275174,9.913303620489652,3.2443983149154403,Low Rate Bull Market
2019,JPM,JPMorgan Chase,Banking,115720000000.0,,44866000000.0,36431000000.0,,26795000000.0,2686477000000.0,261330000000.0,,,,21704000000.0,4092000000.0,5035000000.0,3084000000.0,44866000000.0,True,,0.3877117179398548,0.3148202557898375,0.3877117179398548,,0.13940611487391422,0.013560882896075419,0.17168331228714653,,,,1.6744168688188095,-943000000.0,-0.00814898029726927,0.11232192363646346,0.043510197027307296,11.81290531776913,-0.30577172503242545,Low Rate Bull Market
2020,JPM,JPMorgan Chase,Banking,119951000000.0,,35815000000.0,29131000000.0,,9960000000.0,3384757000000.0,279354000000.0,,,,24874000000.0,-79910000000.0,7341000000.0,3049400000.0,35815000000.0,True,,0.2985802536035548,0.2428575001458929,0.2985802536035548,,0.10427987428137775,0.008606526258753583,0.1282065050079827,,,,3.5958835341365463,-87251000000.0,-0.727388683712516,-2.743125879647111,0.061199989995915,9.553026824949171,-28.612513937167968,COVID Shock
2021,JPM,JPMorgan Chase,Banking,121649000000.0,,59562000000.0,48334000000.0,,5553000000.0,3743567000000.0,294127000000.0,,,,26438000000.0,78084000000.0,0.0,2944100000.0,59562000000.0,True,,0.48962178069692314,0.3973234469662718,0.48962178069692314,,0.16433037429409744,0.012911215426356735,0.2025043603613405,,,,10.72609400324149,78084000000.0,0.6418795057912519,1.615508751603426,0.0,16.41724126218539,26.522196936245372,COVID Rebound
2022,JPM,JPMorgan Chase,Banking,128695000000.0,,46166000000.0,37676000000.0,,26097000000.0,3665743000000.0,292332000000.0,,,,27697000000.0,107119000000.0,0.0,2934200000.0,46166000000.0,True,,0.35872411515598895,0.29275418625432226,0.35872411515598895,,0.12888086148625535,0.010277861814098807,0.15792318323002613,,,,1.7690155956623366,107119000000.0,0.8323477990597925,2.8431627561312243,0.0,12.840297184922637,36.50705473382864,Inflation & Rate Hikes
2023,JPM,JPMorgan Chase,Banking,158104000000.0,,61612000000.0,49552000000.0,,81321000000.0,3875393000000.0,327878000000.0,,,,29066000000.0,12974000000.0,9920000000.0,2876600000.0,61612000000.0,True,,0.3896928603956889,0.3134139553711481,0.3896928603956889,,0.15112938349020064,0.012786316123293819,0.18791135727313207,,,,0.7576394781175834,3054000000.0,0.019316399332085208,0.26182596060703905,0.06274351060061732,17.225891677675033,1.0616700271153445,Inflation & Rate Hikes
2024,JPM,JPMorgan Chase,Banking,177556000000.0,,75081000000.0,58471000000.0,,92353000000.0,4002814000000.0,344758000000.0,,,,23372000000.0,-42012000000.0,2362000000.0,2797600000.0,75081000000.0,True,,0.42285814053031157,0.32931018946135304,0.42285814053031157,,0.16960012530528662,0.014607473642292647,0.2177788477714803,,,,0.8129784630710426,-44374000000.0,-0.24991551961071437,-0.7185100306134665,0.01330284529951114,20.90041464112096,-15.861452673720331,Normalization
2006,AAPL,Apple,Consumer_Hardware,,,,,,,,9984000000.0,,,,6392000000.0,,,,,True,,,,,,,,,,,,,,,,,,,Pre-Crisis Buildup
2007,AAPL,Apple,Consumer_Hardware,24006000000.0,8154000000.0,4409000000.0,3496000000.0,782000000.0,,,14531000000.0,,,,9352000000.0,5470000000.0,735000000.0,889292000.0,4409000000.0,True,0.33966508372906773,0.1836624177289011,0.1456302591018912,0.1836624177289011,0.032575189535949345,0.24058908540361984,,0.30342027389718534,,,,,4735000000.0,0.19724235607764726,1.5646453089244852,0.030617345663584105,3.9312171930029733,5.324460357227997,Pre-Crisis Buildup
2008,AAPL,Apple,Consumer_Hardware,37491000000.0,13197000000.0,8327000000.0,6119000000.0,1109000000.0,,36171000000.0,22297000000.0,,32311000000.0,14092000000.0,11875000000.0,9596000000.0,1091000000.0,888325973.0,8327000000.0,True,0.3520044810754581,0.22210663892667573,0.1632125043343736,0.22210663892667573,0.029580432637166254,0.2744315378750505,0.1691686710348069,0.3734583127775037,,,2.292861197842748,,8505000000.0,0.22685444506681604,1.5682301029579997,0.029100317409511616,6.888237185427877,9.574188145459077,Financial Crisis
2009,AAPL,Apple,Consumer_Hardware,42905000000.0,17222000000.0,11740000000.0,8235000000.0,1333000000.0,,47501000000.0,31640000000.0,,31555000000.0,11506000000.0,5263000000.0,10159000000.0,1144000000.0,899805500.0,11740000000.0,True,0.40139843841044165,0.2736277823097541,0.1919356718331197,0.2736277823097541,0.031068640018645847,0.2602718078381795,0.1733647712679733,0.37104930467762326,,,2.7424821832087605,,9015000000.0,0.21011537116886145,1.2336369156041287,0.026663559025754575,9.151977844100752,10.018831847549276,Financial Crisis
2010,AAPL,Apple,Consumer_Hardware,65225000000.0,25684000000.0,18385000000.0,14013000000.0,1782000000.0,,75183000000.0,47791000000.0,,41678000000.0,20722000000.0,11261000000.0,18595000000.0,2005000000.0,915970000.0,18385000000.0,True,0.39377539287083174,0.2818704484476811,0.21484093522422384,0.2818704484476811,0.027320812571866616,0.2932142035111213,0.18638522006304617,0.38469586323784816,,,2.0112923462986196,,16590000000.0,0.2543503257953239,1.326982088061086,0.030739747029513223,15.298535978252563,18.111946897824165,Post-Crisis Recovery
2011,AAPL,Apple,Consumer_Hardware,108249000000.0,43818000000.0,33790000000.0,25922000000.0,2429000000.0,0.0,116371000000.0,76615000000.0,,44988000000.0,27970000000.0,9815000000.0,37529000000.0,4260000000.0,929277000.0,33790000000.0,True,0.40478895878945764,0.31215068961376086,0.2394664153941376,0.31215068961376086,0.022439006364954873,0.3383410559289956,0.22275309140593447,0.4410363505840893,,,1.6084376117268502,50.0,33269000000.0,0.30733771212667094,1.4477663760512307,0.039353712274478286,27.894804240285726,35.80095063151246,Post-Crisis Recovery
2012,AAPL,Apple,Consumer_Hardware,156508000000.0,68662000000.0,55241000000.0,41733000000.0,3381000000.0,0.0,176064000000.0,118210000000.0,0.0,57653000000.0,38542000000.0,10746000000.0,50856000000.0,8295000000.0,939208000.0,55241000000.0,True,0.4387123980882766,0.35295959311984054,0.26665090602397323,0.35295959311984054,0.02160272957292918,0.35304119786820065,0.23703312431842966,0.46731241011758734,0.0,0.0,1.4958486845519174,50.0,42561000000.0,0.27194137040918037,1.2186039824599237,0.05300048559818028,44.43424672702958,45.315840580574275,Post-Crisis Recovery
2013,AAPL,Apple,Consumer_Hardware,170910000000.0,64304000000.0,48999000000.0,37037000000.0,4475000000.0,136000000.0,207000000000.0,123549000000.0,16960000000.0,73286000000.0,43658000000.0,14259000000.0,53666000000.0,8165000000.0,6294494000.0,48999000000.0,True,0.3762448072084723,0.2866947516236616,0.21670469837926393,0.2866947516236616,0.02618337136504593,0.29977579745687943,0.17892270531400967,0.3487249927050936,0.1372734704449247,0.08193236714975845,1.6786385084062485,50.0,45501000000.0,0.2662278392136212,1.448983448983449,0.04777368205488269,5.884031345490201,7.2286986054796465,Post-Crisis Recovery
2014,AAPL,Apple,Consumer_Hardware,182795000000.0,70537000000.0,52503000000.0,39510000000.0,6041000000.0,384000000.0,231839000000.0,111547000000.0,28987000000.0,68531000000.0,63448000000.0,13844000000.0,59713000000.0,9571000000.0,5866161000.0,52503000000.0,True,0.3858803577778386,0.28722339232473537,0.21614376760852322,0.28722339232473537,0.03304794988922016,0.3542004715501089,0.17041998973425523,0.3735964250643972,0.25986355527266536,0.12503073253421557,1.0801128483167317,50.0,50142000000.0,0.27430728411608635,1.511338901543913,0.05235920019694193,6.7352396226424744,8.547668568932902,Low Rate Bull Market
2015,AAPL,Apple,Consumer_Hardware,233715000000.0,93626000000.0,71230000000.0,53394000000.0,8067000000.0,733000000.0,290345000000.0,119355000000.0,53329000000.0,89378000000.0,80610000000.0,21120000000.0,81266000000.0,11247000000.0,5578753000.0,71230000000.0,True,0.4005990201741437,0.3047729071732666,0.22845773698735639,0.3047729071732666,0.034516398177267184,0.44735453060198566,0.18389846561848835,0.4124875495124042,0.44680993674332875,0.18367459401746197,1.1087706239920605,50.0,70019000000.0,0.29959138266692337,1.5220062179271079,0.04812271356138887,9.570956090007929,12.551012744245892,Low Rate Bull Market
2016,AAPL,Apple,Consumer_Hardware,,84263000000.0,60024000000.0,45687000000.0,10045000000.0,1456000000.0,321686000000.0,128249000000.0,75427000000.0,106869000000.0,79006000000.0,20484000000.0,66231000000.0,12734000000.0,5336166000.0,60024000000.0,True,,,,,,0.3562366958026963,0.14202358821956815,0.29470335238319684,0.58812934213912,0.23447399016432172,1.352669417512594,41.22527472527472,53497000000.0,,1.4496683958237573,,8.561765132494005,10.0253627791939,Low Rate Bull Market
2017,AAPL,Apple,Consumer_Hardware,229234000000.0,88186000000.0,61344000000.0,48351000000.0,11581000000.0,2323000000.0,375319000000.0,134047000000.0,97207000000.0,128645000000.0,100814000000.0,20289000000.0,64225000000.0,12451000000.0,5126201000.0,61344000000.0,True,0.38469860491899105,0.2676042820872994,0.21092420845075338,0.2676042820872994,0.05052042890670668,0.3607018433832909,0.12882641166580963,0.26526676295328944,0.7251710221041874,0.25899834540750666,1.2760628484139107,26.40723202755058,51774000000.0,0.22585654833052687,1.3283075841244234,0.05431567743004964,9.432131124003917,10.099877082463212,Low Rate Bull Market
2018,AAPL,Apple,Consumer_Hardware,265595000000.0,101839000000.0,70898000000.0,59531000000.0,14236000000.0,3240000000.0,365725000000.0,107147000000.0,93735000000.0,131339000000.0,115929000000.0,25913000000.0,77434000000.0,13313000000.0,4754986000.0,70898000000.0,True,0.38343718820007905,0.26694026619477024,0.22414202074587247,0.26694026619477024,0.05360040663416103,0.5556011834209077,0.16277530931710985,0.35293356298722633,0.8748261733879623,0.25629913186137127,1.1329261875803294,21.882098765432097,64121000000.0,0.24142397258984544,1.300734071324184,0.05012519060976298,12.519700373460616,13.485002900113692,Low Rate Bull Market
2019,AAPL,Apple,Consumer_Hardware,260174000000.0,98392000000.0,63930000000.0,55256000000.0,16217000000.0,3576000000.0,338516000000.0,90488000000.0,91807000000.0,162819000000.0,105718000000.0,48844000000.0,69391000000.0,10495000000.0,17772945000.0,63930000000.0,True,0.3781776810903472,0.24572017188496928,0.21238094505984456,0.24572017188496928,0.06233136285716482,0.6106445053487756,0.16323009842961633,0.3506953015716284,1.0145765184333835,0.2712043153056281,1.540125617208044,17.87751677852349,58896000000.0,0.22637158209505945,1.2558093238743304,0.04033838892433525,3.1089951609032718,3.313800836046024,Low Rate Bull Market
2020,AAPL,Apple,Consumer_Hardware,274515000000.0,104956000000.0,66288000000.0,57411000000.0,18752000000.0,2873000000.0,323888000000.0,65339000000.0,98667000000.0,143713000000.0,105392000000.0,38016000000.0,80674000000.0,7309000000.0,16976763000.0,66288000000.0,True,0.38233247727810865,0.24147314354406862,0.20913611278072236,0.24147314354406862,0.06830956414039306,0.8786635853012749,0.1772557180259843,0.4041803348657976,1.5100782075024104,0.30463308304105124,1.3636044481554577,23.07274625826662,73365000000.0,0.2672531555652697,1.405201093867029,0.026625138881299748,3.3817400879072177,4.3214952108361295,COVID Shock
2021,AAPL,Apple,Consumer_Hardware,365817000000.0,152836000000.0,108949000000.0,94680000000.0,21914000000.0,2645000000.0,351002000000.0,63090000000.0,109106000000.0,134836000000.0,125481000000.0,34940000000.0,104038000000.0,11085000000.0,16426786000.0,108949000000.0,True,0.4177935962516778,0.29782377527561593,0.2588179335569424,0.29782377527561593,0.059904269074427925,1.5007132667617689,0.26974205275183616,0.6327034309740064,1.729370740212395,0.3108415336664748,1.0745531195957954,41.19054820415879,92953000000.0,0.2540969938521173,1.0988381918039714,0.030302036264033657,5.763756829850952,5.658623665031005,COVID Rebound
2022,AAPL,Apple,Consumer_Hardware,394328000000.0,170782000000.0,119437000000.0,99803000000.0,26251000000.0,2931000000.0,352755000000.0,50672000000.0,110087000000.0,135405000000.0,153982000000.0,23646000000.0,122151000000.0,10708000000.0,15943425000.0,119437000000.0,True,0.43309630561360085,0.30288744395528594,0.2530964070519973,0.30288744395528594,0.06657148363798665,1.9695887275023682,0.2829244092925685,0.7429568484501645,2.172541048310704,0.31207778769967826,0.8793560286267226,40.74957352439441,111443000000.0,0.2826149804223895,1.2239211246154926,0.02715505873283155,6.259821838783072,6.98990336141701,Inflation & Rate Hikes
2023,AAPL,Apple,Consumer_Hardware,383285000000.0,169148000000.0,114301000000.0,96995000000.0,29915000000.0,3933000000.0,352583000000.0,62146000000.0,105103000000.0,143566000000.0,145308000000.0,29965000000.0,110543000000.0,10959000000.0,15550061000.0,114301000000.0,True,0.4413112957720756,0.2982141226502472,0.2530623426432028,0.2982141226502472,0.07804897139204509,1.5607601454639075,0.27509834563776475,0.6834181370292199,1.6912271103530396,0.2980943494155986,0.9880116717592975,29.062039155860667,99584000000.0,0.25981710737440805,1.1396773029537606,0.02859230076835775,6.237596109751595,6.404090633470827,Inflation & Rate Hikes
2024,AAPL,Apple,Consumer_Hardware,391035000000.0,180683000000.0,123216000000.0,93736000000.0,31370000000.0,,364980000000.0,56950000000.0,96662000000.0,152987000000.0,176392000000.0,29943000000.0,118254000000.0,9447000000.0,15116786000.0,123216000000.0,True,0.4620634981523393,0.31510222870075566,0.23971255769943867,0.31510222870075566,0.08022299794136074,1.6459350307287095,0.25682503150857583,0.8021248339973439,1.6973134328358208,0.2648419091457066,0.8673125765340832,,108807000000.0,0.27825386474356517,1.2615643936161134,0.02415896275269477,6.200788977233652,7.197760158806243,Normalization
2011,DELL,Dell,Consumer_Hardware,,,,,,,,769000000.0,,,,1000000.0,,,,,True,,,,,,,,,,,,,,,,,,,Post-Crisis Recovery
2012,DELL,Dell,Consumer_Hardware,4733000000.0,426000000.0,299000000.0,182000000.0,8000000.0,,,656000000.0,,,,1000000.0,303000000.0,6000000.0,49700000.0,299000000.0,True,0.09000633847454045,0.06317346291992394,0.03845341221212761,0.06317346291992394,0.001690259877456159,0.2774390243902439,,0.4557926829268293,,,,,297000000.0,0.0627508979505599,1.664835164835165,0.001267694908092119,3.6619718309859155,5.9758551307847085,Post-Crisis Recovery
2013,DELL,Dell,Consumer_Hardware,4781000000.0,408000000.0,281000000.0,69000000.0,3000000.0,,1245000000.0,596000000.0,3000000.0,809000000.0,638000000.0,1000000.0,280000000.0,7000000.0,49700000.0,281000000.0,True,0.08533779544028446,0.05877431499686258,0.014432127170048107,0.05877431499686258,0.0006274837900020916,0.11577181208053691,0.05542168674698795,0.4691151919866444,0.0050335570469798654,0.0024096385542168677,1.2680250783699059,,273000000.0,0.05710102489019034,4.057971014492754,0.0014641288433382138,1.3883299798792756,5.492957746478873,Post-Crisis Recovery
2014,DELL,Dell,Consumer_Hardware,4121000000.0,333000000.0,183000000.0,113000000.0,4000000.0,7000000.0,1447000000.0,377000000.0,502000000.0,994000000.0,564000000.0,254000000.0,183000000.0,16000000.0,49000000.0,183000000.0,True,0.08080562970152876,0.044406697403542826,0.027420528997816065,0.044406697403542826,0.000970638194612958,0.29973474801061006,0.07809260539046303,0.20819112627986347,1.3315649867374004,0.3469246717346234,1.7624113475177305,26.142857142857142,167000000.0,0.040524144625091,1.6194690265486726,0.003882552778451832,2.306122448979592,3.4081632653061225,Low Rate Bull Market
2015,DELL,Dell,Consumer_Hardware,3885000000.0,335000000.0,240000000.0,141000000.0,5000000.0,17000000.0,1389000000.0,345000000.0,486000000.0,942000000.0,552000000.0,301000000.0,277000000.0,22000000.0,46000000.0,240000000.0,True,0.08622908622908623,0.06177606177606178,0.036293436293436294,0.06177606177606178,0.001287001287001287,0.40869565217391307,0.10151187904967603,0.2888086642599278,1.4086956521739131,0.34989200863930886,1.7065217391304348,14.117647058823529,255000000.0,0.06563706563706563,1.9645390070921986,0.005662805662805663,3.0652173913043477,5.543478260869565,Low Rate Bull Market
2016,DELL,Dell,Consumer_Hardware,4315000000.0,411000000.0,227000000.0,117000000.0,4000000.0,44000000.0,2122000000.0,380000000.0,1070000000.0,952000000.0,688000000.0,195000000.0,226000000.0,20000000.0,45000000.0,227000000.0,True,0.09524913093858632,0.0526071842410197,0.027114716106604868,0.0526071842410197,0.0009269988412514484,0.3078947368421053,0.05513666352497644,0.15655172413793103,2.8157894736842106,0.5042412818096136,1.3837209302325582,5.159090909090909,206000000.0,0.047740440324449594,1.9316239316239316,0.004634994206257242,2.6,4.5777777777777775,Low Rate Bull Market
2017,DELL,Dell,Consumer_Hardware,4442000000.0,439000000.0,263000000.0,143000000.0,4000000.0,52000000.0,2042000000.0,349000000.0,1047000000.0,901000000.0,623000000.0,210000000.0,273000000.0,15000000.0,44000000.0,263000000.0,True,0.09882935614588023,0.05920756416028816,0.03219270598829356,0.05920756416028816,0.0009004952723998199,0.40974212034383956,0.07002938295788443,0.18839541547277938,3.0,0.5127326150832517,1.4462279293739968,5.0576923076923075,258000000.0,0.058081945069788386,1.9090909090909092,0.003376857271499325,3.25,5.863636363636363,Low Rate Bull Market
2018,DELL,Dell,Consumer_Hardware,4454000000.0,411000000.0,256000000.0,179000000.0,4000000.0,44000000.0,2073000000.0,327000000.0,1024000000.0,950000000.0,695000000.0,144000000.0,217000000.0,22000000.0,43000000.0,256000000.0,True,0.092276605298608,0.057476425684777725,0.04018859452177818,0.057476425684777725,0.000898069151324652,0.5474006116207951,0.08634828750602991,0.18948926720947445,3.1314984709480123,0.49397009165460687,1.3669064748201438,5.818181818181818,195000000.0,0.043780871127076786,1.2122905027932962,0.004939380332285586,4.162790697674419,4.534883720930233,Low Rate Bull Market
2019,DELL,Dell,Consumer_Hardware,4659000000.0,464000000.0,220000000.0,137000000.0,5000000.0,53000000.0,4563000000.0,1485000000.0,2089000000.0,1433000000.0,897000000.0,237000000.0,184000000.0,28000000.0,60000000.0,220000000.0,True,0.0995921871646276,0.0472204335694355,0.029405451813693927,0.0472204335694355,0.0010731916720326251,0.09225589225589226,0.03002410694718387,0.06155567991046446,1.4067340067340068,0.45781284242822706,1.5975473801560758,4.150943396226415,156000000.0,0.0334835801674179,1.3430656934306568,0.0060098733633827004,2.283333333333333,2.6,Low Rate Bull Market
2020,DELL,Dell,Consumer_Hardware,6379000000.0,706000000.0,370000000.0,226000000.0,7000000.0,90000000.0,4711000000.0,1417000000.0,1921000000.0,1430000000.0,1128000000.0,188000000.0,458000000.0,21000000.0,58000000.0,370000000.0,True,0.11067565449129958,0.05800282175889638,0.03542875058786644,0.05800282175889638,0.0010973506819250665,0.15949188426252647,0.0479728295478667,0.11084481725584182,1.355681016231475,0.4077690511568669,1.2677304964539007,4.111111111111111,437000000.0,0.06850603542875058,2.0265486725663715,0.0032920520457751998,3.896551724137931,7.5344827586206895,COVID Shock
2021,DELL,Dell,Consumer_Hardware,7056000000.0,792000000.0,390000000.0,209000000.0,6000000.0,122000000.0,5723000000.0,1542000000.0,2515000000.0,1289000000.0,1275000000.0,171000000.0,755000000.0,46000000.0,58000000.0,390000000.0,True,0.11224489795918367,0.055272108843537414,0.02962018140589569,0.055272108843537414,0.0008503401360544217,0.13553826199740596,0.0365193080552158,0.0961301454276559,1.6309987029831388,0.43945483138214225,1.0109803921568628,3.19672131147541,709000000.0,0.10048185941043083,3.61244019138756,0.006519274376417234,3.603448275862069,12.224137931034482,COVID Rebound
2022,DELL,Dell,Consumer_Hardware,7394000000.0,859000000.0,462000000.0,277000000.0,4000000.0,105000000.0,5746000000.0,1619000000.0,2518000000.0,1263000000.0,1352000000.0,106000000.0,518000000.0,36000000.0,56000000.0,462000000.0,True,0.1161752772518258,0.062483094400865566,0.03746280768190425,0.062483094400865566,0.0005409791723018664,0.17109326744904263,0.04820744865993735,0.1116751269035533,1.5552810376775787,0.4382178907065785,0.9341715976331361,4.4,482000000.0,0.0651879902623749,1.8700361010830324,0.004868812550716798,4.946428571428571,8.607142857142858,Inflation & Rate Hikes
2023,DELL,Dell,Consumer_Hardware,7704000000.0,888000000.0,501000000.0,300000000.0,1000000.0,120000000.0,5543000000.0,1694000000.0,2374000000.0,1197000000.0,1126000000.0,109000000.0,532000000.0,25000000.0,54000000.0,501000000.0,True,0.11526479750778816,0.06503115264797507,0.03894080996884735,0.06503115264797507,0.00012980269989615784,0.1770956316410862,0.054122316435143425,0.12315634218289086,1.4014167650531286,0.42828793072343496,1.0630550621669628,4.175,507000000.0,0.06580996884735202,1.7733333333333334,0.003245067497403946,5.555555555555555,9.38888888888889,Inflation & Rate Hikes
2024,DELL,Dell,Consumer_Hardware,7444000000.0,872000000.0,741000000.0,477000000.0,4000000.0,125000000.0,5314000000.0,1785000000.0,2099000000.0,1131000000.0,1158000000.0,94000000.0,396000000.0,27000000.0,52000000.0,741000000.0,True,0.11714132186996239,0.09954325631380978,0.06407845244492208,0.09954325631380978,0.0005373455131649651,0.2672268907563025,0.08976289047798269,0.1907826982492276,1.1759103641456583,0.39499435453519005,0.9766839378238342,5.928,369000000.0,0.04957012358946803,0.8301886792452831,0.0036270822138635144,9.173076923076923,7.096153846153846,Normalization
2006,HPQ,HP Inc,Consumer_Hardware,,,,,,,,38144000000.0,,,,16400000000.0,,,,,True,,,,,,,,,,,,,,,,,,,Pre-Crisis Buildup
2007,HPQ,HP Inc,Consumer_Hardware,84229000000.0,20794000000.0,8719000000.0,7264000000.0,3611000000.0,,,38569000000.0,,,,11293000000.0,9615000000.0,3040000000.0,2716000000.0,8719000000.0,True,0.24687459188640493,0.10351541630554797,0.0862410808628857,0.10351541630554797,0.04287122012608484,0.18833778423085898,,0.2260623817055148,,,,,6575000000.0,0.07806100036804427,1.3236508810572687,0.036092082299445556,2.674521354933726,2.420839469808542,Pre-Crisis Buildup
2008,HPQ,HP Inc,Consumer_Hardware,91697000000.0,22355000000.0,10473000000.0,8329000000.0,3543000000.0,467000000.0,113331000000.0,39179000000.0,7676000000.0,51728000000.0,52939000000.0,10153000000.0,14591000000.0,2990000000.0,2415303000.0,10473000000.0,True,0.24379205426567935,0.11421311493287675,0.0908317611263182,0.11421311493287675,0.03863812338462545,0.21258837642614667,0.0734926895553732,0.22351936826379254,0.1959212843615202,0.06773080622248105,0.9771246151230661,22.426124197002142,11601000000.0,0.12651449883856614,1.7518309520950894,0.0326073917358256,3.448428623655086,4.803124080084362,Financial Crisis
2009,HPQ,HP Inc,Consumer_Hardware,74051000000.0,17548000000.0,10136000000.0,7660000000.0,2819000000.0,597000000.0,114799000000.0,40517000000.0,13980000000.0,52539000000.0,43003000000.0,13279000000.0,13379000000.0,3695000000.0,2365000000.0,10136000000.0,True,0.23697181672090856,0.13687863769564218,0.10344222225223157,0.13687863769564218,0.03806835829360846,0.1890564454426537,0.06672531990696783,0.18599188946180523,0.34504035343189277,0.12177806426885252,1.2217519707927353,16.97822445561139,9684000000.0,0.1307747363303669,1.7466057441253264,0.049898043240469404,3.2389006342494713,4.094714587737844,Financial Crisis
2010,HPQ,HP Inc,Consumer_Hardware,84799000000.0,19735000000.0,11479000000.0,8761000000.0,2959000000.0,417000000.0,124503000000.0,40449000000.0,16777000000.0,54184000000.0,49403000000.0,10929000000.0,11922000000.0,4133000000.0,2204000000.0,11479000000.0,True,0.23272680102359697,0.1353671623486126,0.1033148975813394,0.1353671623486126,0.03489427941367233,0.21659373532102152,0.07036778230243448,0.20059064061790097,0.41476921555539076,0.1347517730496454,1.0967754994635954,27.52757793764988,7789000000.0,0.09185249826059269,1.3608035612373017,0.04873878229696105,3.9750453720508165,3.534029038112523,Post-Crisis Recovery
2011,HPQ,HP Inc,Consumer_Hardware,84757000000.0,19590000000.0,9677000000.0,7074000000.0,3254000000.0,522000000.0,129517000000.0,38625000000.0,26339000000.0,51021000000.0,50442000000.0,8043000000.0,12639000000.0,4539000000.0,1991000000.0,9677000000.0,True,0.23113135198272708,0.11417346059912456,0.08346213292117466,0.11417346059912456,0.03839210920631924,0.18314563106796117,0.05461831265393732,0.14895942368080783,0.681915857605178,0.20336326505400834,1.011478529796598,18.538314176245212,8100000000.0,0.09556732777233738,1.7866836301950806,0.053553098859091285,3.5529884480160723,4.068307383224511,Post-Crisis Recovery
2012,HPQ,HP Inc,Consumer_Hardware,77887000000.0,18419000000.0,-11057000000.0,-12650000000.0,3399000000.0,831000000.0,108768000000.0,22436000000.0,27132000000.0,50637000000.0,46666000000.0,11301000000.0,10571000000.0,3706000000.0,1963000000.0,-11057000000.0,True,0.23648362371127402,-0.1419620732599792,-0.16241478038697088,-0.1419620732599792,0.04364014533876,-0.5638259939383135,-0.11630258899676375,-0.22306730148482892,1.2093064717418434,0.24944836716681376,1.0850940727724683,-13.305655836341757,6865000000.0,0.08814051125348261,-0.8356521739130435,0.047581753052499134,-6.444218033622007,3.497198166072338,Post-Crisis Recovery
2013,HPQ,HP Inc,Consumer_Hardware,72398000000.0,16766000000.0,7131000000.0,5113000000.0,3135000000.0,738000000.0,105676000000.0,27269000000.0,16608000000.0,50364000000.0,45521000000.0,12163000000.0,11608000000.0,3199000000.0,1908000000.0,7131000000.0,True,0.2315809829000801,0.09849719605513964,0.07062349788668196,0.09849719605513964,0.043302301168540565,0.18750229197990392,0.04838373897573716,0.1625225060965882,0.6090432359089075,0.15715961997047578,1.1063904571516443,9.66260162601626,8409000000.0,0.11614961739274565,2.2702914140426365,0.04418630348904666,2.679769392033543,4.4072327044025155,Post-Crisis Recovery
2014,HPQ,HP Inc,Consumer_Hardware,73726000000.0,28295000000.0,4256000000.0,5013000000.0,1298000000.0,621000000.0,103206000000.0,26731000000.0,16039000000.0,50145000000.0,43735000000.0,15133000000.0,12333000000.0,3853000000.0,1839000000.0,4256000000.0,True,0.38378590999104795,0.05772726039660364,0.06799500854515368,0.05772726039660364,0.017605729322084474,0.1875350716396693,0.04857275739782571,0.09950900163666121,0.6000149638995922,0.15540763133926322,1.1465645364124843,6.853462157809984,8480000000.0,0.11502048124135311,2.460203470975464,0.05226107479044028,2.7259380097879284,4.611201740076129,Low Rate Bull Market
2015,HPQ,HP Inc,Consumer_Hardware,69032000000.0,27508000000.0,3920000000.0,4554000000.0,1191000000.0,567000000.0,106882000000.0,27768000000.0,6677000000.0,51787000000.0,42191000000.0,17433000000.0,6490000000.0,3603000000.0,1804000000.0,3920000000.0,True,0.3984818634836018,0.05678525901031406,0.06596940549310465,0.05678525901031406,0.01725286823502144,0.16400172860847018,0.04260773563368949,0.11380461605457977,0.2404566407375396,0.06247076214891188,1.2274418714891802,6.91358024691358,2887000000.0,0.04182118437825936,1.4251207729468598,0.052193185768918765,2.524390243902439,1.6003325942350333,Low Rate Bull Market
2016,HPQ,HP Inc,Consumer_Hardware,48238000000.0,8998000000.0,3549000000.0,2496000000.0,1209000000.0,273000000.0,29010000000.0,-3889000000.0,6758000000.0,18468000000.0,18808000000.0,6288000000.0,3252000000.0,433000000.0,1712000000.0,3549000000.0,True,0.18653343836809155,0.07357270201915503,0.05174343878270243,0.07357270201915503,0.02506322816037149,-0.6418102339933145,0.0860392967942089,1.2370163820146391,-1.737721779377732,0.23295415374008963,0.9819225861335602,13.0,2819000000.0,0.05843940461876529,1.3028846153846154,0.008976325718313362,1.4579439252336448,1.6466121495327102,Low Rate Bull Market
2017,HPQ,HP Inc,Consumer_Hardware,52056000000.0,9578000000.0,3368000000.0,2526000000.0,1190000000.0,309000000.0,32913000000.0,-3408000000.0,6747000000.0,22318000000.0,22412000000.0,6997000000.0,3677000000.0,402000000.0,1650000000.0,3368000000.0,True,0.18399416013523898,0.06469955432611034,0.04852466574458276,0.06469955432611034,0.022859996926386968,-0.7411971830985915,0.07674778962719898,1.0086852351003295,-1.9797535211267605,0.20499498678333788,0.9958058183116187,10.89967637540453,3275000000.0,0.06291301675119103,1.455661124307205,0.0077224527431996315,1.530909090909091,1.9848484848484849,Low Rate Bull Market
2018,HPQ,HP Inc,Consumer_Hardware,58472000000.0,10669000000.0,3831000000.0,5327000000.0,1404000000.0,312000000.0,34622000000.0,-639000000.0,4524000000.0,21387000000.0,25131000000.0,5166000000.0,4528000000.0,546000000.0,1560000000.0,3831000000.0,True,0.18246340128608565,0.06551853878779587,0.09110343412231496,0.06551853878779587,0.024011492680257217,-5.0,0.15386170642943792,0.9861003861003861,-7.07981220657277,0.13066836115764544,0.8510206517846485,12.278846153846153,3982000000.0,0.06810097140511698,0.8500093861460485,0.009337802708988917,3.4147435897435896,2.5525641025641024,Low Rate Bull Market
2019,HPQ,HP Inc,Consumer_Hardware,58756000000.0,11170000000.0,3877000000.0,3152000000.0,1499000000.0,242000000.0,33467000000.0,-1193000000.0,4780000000.0,20177000000.0,25293000000.0,4537000000.0,4654000000.0,671000000.0,1458000000.0,3877000000.0,True,0.19010824426441555,0.06598475049356661,0.053645585131731226,0.06598475049356661,0.025512288106746547,-2.642078792958927,0.09418232886126632,1.0808475048787287,-4.006705783738474,0.14282726267666657,0.7977305973984897,16.020661157024794,3983000000.0,0.0677888215671591,1.476522842639594,0.011420110286609027,2.1618655692729765,2.731824417009602,Low Rate Bull Market
2020,HPQ,HP Inc,Consumer_Hardware,56639000000.0,10437000000.0,3462000000.0,2844000000.0,1478000000.0,239000000.0,34681000000.0,-2275000000.0,6261000000.0,20648000000.0,26220000000.0,4864000000.0,4316000000.0,580000000.0,1304000000.0,3462000000.0,True,0.18427232119211145,0.06112396052190187,0.05021275093133706,0.06112396052190187,0.026095093486820035,-1.2501098901098902,0.08200455580865604,0.8685398896136478,-2.7520879120879123,0.18053112655344425,0.787490465293669,14.485355648535565,3736000000.0,0.06596161655396458,1.5175808720112518,0.010240293790497713,2.1809815950920246,2.8650306748466257,COVID Shock
2021,HPQ,HP Inc,Consumer_Hardware,63460000000.0,13407000000.0,5359000000.0,6541000000.0,1848000000.0,254000000.0,38610000000.0,-1644000000.0,7573000000.0,22170000000.0,29096000000.0,4299000000.0,6409000000.0,582000000.0,1092000000.0,5359000000.0,True,0.21126693980460132,0.08444689568231957,0.10307280176489127,0.08444689568231957,0.029120705956508036,-3.9787104622871046,0.1694120694120694,0.9038623713948389,-4.606447688564477,0.19614089614089614,0.7619604069287874,21.098425196850393,5827000000.0,0.09182161991805862,0.9798195994496255,0.00917113142136779,5.98992673992674,5.336080586080586,COVID Rebound
2022,HPQ,HP Inc,Consumer_Hardware,62910000000.0,12263000000.0,4559000000.0,3132000000.0,1653000000.0,359000000.0,38494000000.0,-3025000000.0,11190000000.0,19736000000.0,26189000000.0,3145000000.0,4463000000.0,765000000.0,980000000.0,4559000000.0,True,0.19492926402797647,0.07246860594500079,0.04978540772532189,0.07246860594500079,0.026275631855030998,-1.0353719008264464,0.08136332935002857,0.5583588487446418,-3.6991735537190085,0.2906946537122668,0.7535988392073008,12.699164345403899,3698000000.0,0.05878238753775235,1.4249680715197957,0.012160228898426323,3.195918367346939,3.773469387755102,Inflation & Rate Hikes
2023,HPQ,HP Inc,Consumer_Hardware,53718000000.0,11508000000.0,3456000000.0,3263000000.0,1578000000.0,548000000.0,37004000000.0,-1069000000.0,9612000000.0,17977000000.0,24488000000.0,3107000000.0,3571000000.0,593000000.0,989000000.0,3456000000.0,True,0.2142298670836591,0.06433597676756395,0.060743140102014224,0.06433597676756395,0.029375628281023122,-3.0523854069223573,0.08817965625337801,0.4045417300714035,-8.99158091674462,0.2597557020862609,0.7341146684090166,6.306569343065694,2978000000.0,0.0554376559067724,1.0943916641127795,0.01103913027290666,3.2992922143579375,3.0111223458038423,Inflation & Rate Hikes
2024,HPQ,HP Inc,Consumer_Hardware,53559000000.0,11818000000.0,3818000000.0,2775000000.0,1640000000.0,452000000.0,39909000000.0,-1323000000.0,9748000000.0,20760000000.0,28687000000.0,3238000000.0,3749000000.0,592000000.0,939000000.0,3818000000.0,True,0.2206538583618066,0.07128587165555743,0.05181202038873019,0.07128587165555743,0.030620437274781084,-2.0975056689342404,0.06953318800270615,0.45317507418397623,-7.368102796674226,0.24425568167581246,0.7236727437515251,8.446902654867257,3157000000.0,0.058944341753953584,1.350990990990991,0.01105323101626244,2.9552715654952078,3.362087326943557,Normalization
2007,COST,Costco,Consumer_Retail,,,,,,,,8687000000.0,,,,2780000000.0,,,,,True,,,,,,,,,,,,,,,,,,,Pre-Crisis Buildup
2008,COST,Costco,Consumer_Retail,70977000000.0,7474000000.0,1969000000.0,1283000000.0,,103000000.0,20682000000.0,9274000000.0,,,,2619000000.0,2206000000.0,1599000000.0,444240000.0,1969000000.0,True,0.10530171745776801,0.027741381010749962,0.018076278230976232,0.027741381010749962,,0.13834375673927107,0.062034619475872736,0.21231399611817986,,,,19.116504854368934,607000000.0,0.00855206616227792,1.7194076383476227,0.022528424700959466,2.888078516117414,1.3663785341256978,Financial Crisis
2009,COST,Costco,Consumer_Retail,69889000000.0,7554000000.0,1777000000.0,1086000000.0,,108000000.0,21979000000.0,10024000000.0,2210000000.0,10337000000.0,9281000000.0,3157000000.0,2092000000.0,1250000000.0,435974000.0,1777000000.0,True,0.10808567871911173,0.02542603270901,0.015538926011246405,0.02542603270901,,0.10833998403830807,0.04941080121934574,0.14525094000326957,0.22047086991221068,0.10055052550161518,1.1137808425816185,16.453703703703702,842000000.0,0.01204767559987981,1.9263351749539595,0.017885504156591167,2.490974232408355,1.9313078302834572,Financial Crisis
2010,COST,Costco,Consumer_Retail,76255000000.0,8260000000.0,2077000000.0,1303000000.0,,111000000.0,23815000000.0,10829000000.0,2141000000.0,11708000000.0,10063000000.0,3214000000.0,2780000000.0,1055000000.0,433510000.0,2077000000.0,True,0.10832076585141957,0.027237558192905385,0.017087404104648877,0.027237558192905385,,0.12032505309816234,0.0547134159143397,0.16013878180416347,0.19770985317203804,0.08990132269577997,1.1634701381297823,18.71171171171171,1725000000.0,0.02262146744475772,2.133537989255564,0.013835158350272114,3.005697677100874,3.9791469631611727,Post-Crisis Recovery
2011,COST,Costco,Consumer_Retail,87048000000.0,9309000000.0,2439000000.0,1462000000.0,,116000000.0,26761000000.0,12002000000.0,2153000000.0,13706000000.0,12050000000.0,4009000000.0,3198000000.0,1290000000.0,434266000.0,2439000000.0,True,0.10694099807003032,0.028019023986765923,0.016795331311460344,0.028019023986765923,,0.12181303116147309,0.05463174021897538,0.17230660543977394,0.1793867688718547,0.08045289787377154,1.1374273858921162,21.025862068965516,1908000000.0,0.021918941273779982,2.1874145006839947,0.014819409980700303,3.366600194350928,4.393620499877955,Post-Crisis Recovery
2012,COST,Costco,Consumer_Retail,97062000000.0,10239000000.0,2759000000.0,1709000000.0,,95000000.0,27140000000.0,12361000000.0,1382000000.0,13526000000.0,12260000000.0,3528000000.0,3057000000.0,1480000000.0,432350000.0,2759000000.0,True,0.10548927489645793,0.02842513032906802,0.01760730254888628,0.02842513032906802,,0.13825742253862955,0.06296978629329403,0.20075674889034417,0.11180325216406439,0.05092114959469418,1.1032626427406198,29.042105263157893,1577000000.0,0.016247347056520575,1.788765359859567,0.015247985823494261,3.952816005551058,3.647507806175552,Post-Crisis Recovery
2013,COST,Costco,Consumer_Retail,102870000000.0,10922000000.0,3053000000.0,2039000000.0,,99000000.0,30283000000.0,10833000000.0,4998000000.0,15840000000.0,13257000000.0,4644000000.0,3437000000.0,2083000000.0,436839000.0,3053000000.0,True,0.10617283950617284,0.029678234665111304,0.019821133469427432,0.029678234665111304,,0.18822117603618574,0.06733150612554899,0.19284947255385004,0.4613680420936029,0.16504309348479346,1.1948404616429056,30.838383838383837,1354000000.0,0.013162243608437834,1.68563021088769,0.020248857781666182,4.667623540938424,3.099540105164603,Post-Crisis Recovery
2014,COST,Costco,Consumer_Retail,110212000000.0,11754000000.0,3220000000.0,2058000000.0,,113000000.0,32662000000.0,12303000000.0,5093000000.0,17588000000.0,14412000000.0,5738000000.0,3984000000.0,1993000000.0,437683000.0,3220000000.0,True,0.10664900373824991,0.02921641926468987,0.01867310274743222,0.02921641926468987,,0.1672762740794928,0.06300900128589798,0.18510002299379166,0.41396407380313743,0.15593043904231216,1.2203719122953094,28.495575221238937,1991000000.0,0.018065183464595506,1.935860058309038,0.01808333030885929,4.7020332066815484,4.5489543802249575,Low Rate Bull Market
2015,COST,Costco,Consumer_Retail,113666000000.0,12601000000.0,3624000000.0,2377000000.0,,124000000.0,33017000000.0,10617000000.0,6135000000.0,16779000000.0,16539000000.0,4801000000.0,4285000000.0,2393000000.0,437952000.0,3624000000.0,True,0.11085988774127707,0.03188288494360671,0.020912146112293913,0.03188288494360671,,0.22388622021286617,0.07199321561619772,0.2163323782234957,0.5778468493924838,0.1858133688705818,1.0145111554507527,29.225806451612904,1892000000.0,0.016645258916474583,1.802692469499369,0.02105290940122816,5.427535437673535,4.320108139704808,Low Rate Bull Market
2016,COST,Costco,Consumer_Retail,118719000000.0,94250000000.0,3672000000.0,2350000000.0,,133000000.0,33163000000.0,12079000000.0,5161000000.0,15218000000.0,15575000000.0,3379000000.0,3292000000.0,2649000000.0,437524000.0,3672000000.0,True,0.7938914579806097,0.030930179667955426,0.019794641127367986,0.030930179667955426,,0.19455252918287938,0.07086210535838133,0.21299303944315545,0.42727046940971936,0.15562524500196,0.9770786516853932,27.60902255639098,643000000.0,0.005416150742509624,1.4008510638297873,0.02231319333889268,5.371133926367468,1.4696336658103326,Low Rate Bull Market
2017,COST,Costco,Consumer_Retail,129025000000.0,103098000000.0,4111000000.0,2679000000.0,,134000000.0,36347000000.0,10778000000.0,6659000000.0,17317000000.0,17495000000.0,4546000000.0,6726000000.0,2502000000.0,437204000.0,4111000000.0,True,0.7990544468126332,0.031862042239875994,0.020763417942259253,0.031862042239875994,,0.24856188532195211,0.07370622059592263,0.23576303263176004,0.6178326220077937,0.18320631688997716,0.9898256644755644,30.67910447761194,4224000000.0,0.032737841503584574,2.5106382978723403,0.019391590776981205,6.127574313135287,9.661393765839287,Low Rate Bull Market
2018,COST,Costco,Consumer_Retail,141576000000.0,18424000000.0,4480000000.0,3134000000.0,,159000000.0,40830000000.0,12799000000.0,6613000000.0,20289000000.0,19926000000.0,6055000000.0,5774000000.0,2969000000.0,438189000.0,4480000000.0,True,0.13013505113861107,0.03164378143188111,0.022136520314177545,0.03164378143188111,,0.24486287991249317,0.07675728630908646,0.2307850813929528,0.5166809907023986,0.16196424197893705,1.0182174043962662,28.17610062893082,2805000000.0,0.019812680115273776,1.8423739629865985,0.020971068542690853,7.15216493339632,6.4013473638087675,Low Rate Bull Market
2019,COST,Costco,Consumer_Retail,152703000000.0,16465000000.0,4737000000.0,3659000000.0,,150000000.0,45400000000.0,15243000000.0,6852000000.0,23485000000.0,23237000000.0,8384000000.0,6356000000.0,2998000000.0,439625000.0,4737000000.0,True,0.10782368388309332,0.031021001552032378,0.023961546269555937,0.031021001552032378,,0.24004461064094995,0.08059471365638766,0.21439239646978955,0.4495178114544381,0.1509251101321586,1.0106726341610364,31.58,3358000000.0,0.02199039966470862,1.7370866356928123,0.019632882130671957,8.323002558999146,7.6383281205572935,Low Rate Bull Market
2020,COST,Costco,Consumer_Retail,166761000000.0,21822000000.0,5435000000.0,4002000000.0,,160000000.0,55556000000.0,18284000000.0,7657000000.0,28120000000.0,24844000000.0,12277000000.0,8861000000.0,2810000000.0,441255000.0,5435000000.0,True,0.13085793440912444,0.03259155318089961,0.023998416896036844,0.03259155318089961,,0.21887989499015534,0.07203542371661027,0.2095138969199337,0.41878144826077446,0.1378248974008208,1.1318628240218966,33.96875,6051000000.0,0.0362854624282656,2.214142928535732,0.01685046263814681,9.06958561376075,13.713159057687731,COVID Shock
2021,COST,Costco,Consumer_Retail,195929000000.0,25245000000.0,6708000000.0,5007000000.0,,171000000.0,59268000000.0,17564000000.0,7531000000.0,29505000000.0,29441000000.0,11258000000.0,8958000000.0,3588000000.0,441825000.0,6708000000.0,True,0.12884769482822858,0.034236891935343926,0.025555175599324246,0.034236891935343926,,0.28507173764518334,0.08448066410204495,0.26730424387328156,0.42877476656797997,0.12706688263481136,1.0021738392038313,39.228070175438596,5370000000.0,0.027407887551102697,1.7890952666267226,0.01831275615146303,11.332541164488202,12.154133423866915,COVID Rebound
2022,COST,Costco,Consumer_Retail,226954000000.0,27572000000.0,7793000000.0,5844000000.0,,158000000.0,64166000000.0,20642000000.0,6484000000.0,32696000000.0,31998000000.0,10203000000.0,7392000000.0,3891000000.0,442664000.0,7793000000.0,True,0.12148717361227385,0.03433735470624003,0.025749711395260715,0.03433735470624003,,0.2831121015405484,0.0910762709222953,0.2872889478728895,0.31411684914252497,0.10105040052364181,1.0218138633664604,49.322784810126585,3501000000.0,0.0154260334693374,1.264887063655031,0.01714444336737841,13.201886758353966,7.9089331863444965,Inflation & Rate Hikes
2023,COST,Costco,Consumer_Retail,242290000000.0,29704000000.0,8114000000.0,6292000000.0,,160000000.0,68994000000.0,25058000000.0,5377000000.0,35879000000.0,33583000000.0,13700000000.0,11068000000.0,4323000000.0,442793000.0,8114000000.0,True,0.12259688802674482,0.033488794419910026,0.025968880267448098,0.033488794419910026,,0.2510974539069359,0.09119633591326783,0.2666009528503368,0.2145821693670684,0.07793431312867785,1.0683679242473871,50.0,6745000000.0,0.02783854059185274,1.7590591226954864,0.017842255148788642,14.20980006459,15.232851467841632,Inflation & Rate Hikes
2024,COST,Costco,Consumer_Retail,254453000000.0,32095000000.0,9285000000.0,7367000000.0,,169000000.0,69831000000.0,23622000000.0,5794000000.0,34246000000.0,35464000000.0,9906000000.0,11339000000.0,4710000000.0,443126000.0,9285000000.0,True,0.1261333134213391,0.036490039417888566,0.028952301603832536,0.036490039417888566,,0.3118702904072475,0.1054975583909725,0.31564454718520535,0.2452798238929811,0.08297174607266114,0.965655312429506,50.0,6629000000.0,0.026051962444930892,1.5391611239310439,0.018510294632014555,16.625068265008146,14.959627735677888,Normalization
2007,TGT,Target,Consumer_Retail,,,,,,,,15633000000.0,,,,813000000.0,,,,,True,,,,,,,,,,,,,,,,,,,Pre-Crisis Buildup
2008,TGT,Target,Consumer_Retail,61471000000.0,18542000000.0,4625000000.0,2849000000.0,,647000000.0,,15307000000.0,,,,2450000000.0,4125000000.0,4369000000.0,850800000.0,4625000000.0,True,0.3016381708447886,0.07523873045826487,0.04634705796229116,0.07523873045826487,,0.18612399555758802,,0.3021493434376429,,,,7.1483771251932,-244000000.0,-0.003969351401473866,1.4478764478764479,0.07107416505343983,3.348613070051716,-0.2867889045604137,Financial Crisis
2009,TGT,Target,Consumer_Retail,62884000000.0,18727000000.0,3536000000.0,2214000000.0,,866000000.0,44106000000.0,13712000000.0,12000000000.0,17488000000.0,10512000000.0,864000000.0,4430000000.0,3547000000.0,752712464.0,3536000000.0,True,0.297802302652503,0.05623051968704281,0.03520768398956809,0.05623051968704281,,0.16146441073512252,0.05019725207454768,0.1375233354075918,0.8751458576429405,0.2720718269623181,1.6636225266362252,4.083140877598153,883000000.0,0.014041727625469118,2.000903342366757,0.05640544494625024,2.9413622145095766,1.1730907115681826,Financial Crisis
2010,TGT,Target,Consumer_Retail,63435000000.0,19373000000.0,4576000000.0,2488000000.0,,801000000.0,44533000000.0,15347000000.0,1000000000.0,18424000000.0,11327000000.0,2200000000.0,5881000000.0,1729000000.0,744644454.0,4576000000.0,True,0.30539922755576576,0.07213683297863956,0.03922125009852605,0.07213683297863956,,0.16211637453573988,0.05586868165180877,0.27992903896739463,0.0651593145240112,0.022455257898636966,1.6265560165975104,5.712858926342072,4152000000.0,0.06545282572712226,2.3637459807073955,0.027256246551588238,3.341191875713614,5.575815381014038,Post-Crisis Recovery
2011,TGT,Target,Consumer_Retail,65786000000.0,20061000000.0,5169000000.0,2920000000.0,,757000000.0,43705000000.0,15487000000.0,15241000000.0,17213000000.0,10070000000.0,1712000000.0,5271000000.0,2129000000.0,704038218.0,5169000000.0,True,0.30494330100629313,0.0785729486516888,0.04438634359894202,0.0785729486516888,,0.18854523148447086,0.06681157762269763,0.1682179120020828,0.9841157099502809,0.3487244022423064,1.7093346573982124,6.828269484808454,3142000000.0,0.04776092177666981,1.8051369863013698,0.032362508740461496,4.147502117562601,4.46282590869236,Post-Crisis Recovery
2012,TGT,Target,Consumer_Retail,68466000000.0,20606000000.0,5250000000.0,2929000000.0,,866000000.0,46630000000.0,15821000000.0,15680000000.0,16449000000.0,14287000000.0,794000000.0,5434000000.0,4368000000.0,669292929.0,5250000000.0,True,0.3009669032804604,0.07668039610901761,0.0427803581339643,0.07668039610901761,,0.18513368307945136,0.06281363928801201,0.16666137582933876,0.9910877947032425,0.3362642075916792,1.1513263806257437,6.062355658198614,1066000000.0,0.015569771857564339,1.8552406964834414,0.06379808956270265,4.376260189056921,1.5927256270176433,Post-Crisis Recovery
2013,TGT,Target,Consumer_Retail,71960000000.0,21392000000.0,5206000000.0,2999000000.0,,684000000.0,48163000000.0,16558000000.0,14648000000.0,16388000000.0,14031000000.0,784000000.0,5325000000.0,2346000000.0,645294423.0,5206000000.0,True,0.2972762645914397,0.07234574763757644,0.04167593107281823,0.07234574763757644,,0.18112090832226113,0.06226771588148579,0.16682689226430814,0.8846479043362725,0.3041338787035691,1.1679851756824176,7.611111111111111,2979000000.0,0.04139799888827126,1.7755918639546515,0.032601445247359646,4.647490963981259,4.616497359686619,Post-Crisis Recovery
2014,TGT,Target,Consumer_Retail,71279000000.0,21240000000.0,4121000000.0,1971000000.0,,1049000000.0,44553000000.0,16231000000.0,11678000000.0,11573000000.0,12777000000.0,670000000.0,6520000000.0,1886000000.0,632930740.0,4121000000.0,True,0.29798397845087615,0.05781506474557724,0.027651903085060117,0.05781506474557724,,0.12143429240342554,0.044239445155208404,0.14765846142821312,0.7194874006530713,0.2621147846385204,0.9057681771933944,3.9285033365109627,4634000000.0,0.06501213541155179,3.3079654997463215,0.02645940599615595,3.1140848049187815,7.321496187718738,Low Rate Bull Market
2015,TGT,Target,Consumer_Retail,72618000000.0,21340000000.0,3653000000.0,-1636000000.0,,882000000.0,41172000000.0,13997000000.0,11946000000.0,13624000000.0,11736000000.0,2210000000.0,4465000000.0,1786000000.0,640213987.0,3653000000.0,True,0.29386653446803823,0.05030433225921948,-0.02252884959651877,0.05030433225921948,,-0.11688218904050868,-0.03973574273778296,0.1408086959873569,0.8534686004143746,0.29014864470999707,1.1608725289706885,4.14172335600907,2679000000.0,0.036891679748822605,-2.7292176039119806,0.024594453165881738,-2.5553955915055635,4.184538379977631,Low Rate Bull Market
2016,TGT,Target,Consumer_Retail,73785000000.0,21544000000.0,4923000000.0,3363000000.0,,607000000.0,40262000000.0,12965000000.0,11859000000.0,14130000000.0,12622000000.0,4046000000.0,5958000000.0,1438000000.0,602226517.0,4923000000.0,True,0.2919834654740123,0.06672087822728197,0.045578369587314496,0.06672087822728197,,0.25939066718087156,0.08352789230539963,0.19831614566548503,0.9146934053220208,0.2945457254979882,1.1194739344002536,8.110378912685338,4520000000.0,0.061259063495290374,1.7716324710080285,0.019489056041200787,5.584277518620124,7.505481529635135,Low Rate Bull Market
2017,TGT,Target,Consumer_Retail,70271000000.0,20350000000.0,4864000000.0,2734000000.0,,991000000.0,37431000000.0,10915000000.0,11715000000.0,11990000000.0,12707000000.0,2512000000.0,5444000000.0,1547000000.0,556156228.0,4864000000.0,True,0.28959314653270907,0.0692177427388254,0.03890651904768681,0.0692177427388254,,0.2504809894640403,0.07304106222115359,0.21493592576226248,1.0732936326156666,0.31297587561112444,0.9435744078067207,4.9081735620585265,3897000000.0,0.055456731795477505,1.9912216532553035,0.022014771385066387,4.915884894127267,7.007023932850752,Low Rate Bull Market
2018,TGT,Target,Consumer_Retail,72714000000.0,20754000000.0,4224000000.0,2914000000.0,,653000000.0,40303000000.0,11651000000.0,10440000000.0,12540000000.0,13052000000.0,2643000000.0,6935000000.0,2533000000.0,541681670.0,4224000000.0,True,0.2854195890750062,0.0580906015347801,0.04007481365349176,0.0580906015347801,,0.2501072869281607,0.07230231000173684,0.1912090896745281,0.8960604239979401,0.2590377887502171,0.9607722954336501,6.468606431852987,4402000000.0,0.06053854828506203,2.3798901853122856,0.034835107407101794,5.379543302619045,8.126544137998984,Low Rate Bull Market
2019,TGT,Target,Consumer_Retail,75356000000.0,22057000000.0,4110000000.0,2937000000.0,,461000000.0,41290000000.0,11297000000.0,10247000000.0,12519000000.0,15014000000.0,1556000000.0,5973000000.0,3516000000.0,517761600.0,4110000000.0,True,0.2927039651786188,0.05454111152396624,0.03897499867296566,0.05454111152396624,,0.2599805258033106,0.07113102446112861,0.19077237281841813,0.9070549703461096,0.24817147008961007,0.8338217663514054,8.915401301518438,2457000000.0,0.03260523382345135,2.033707865168539,0.04665852752269229,5.672494831598172,4.745427239100003,Low Rate Bull Market
2020,TGT,Target,Consumer_Retail,78112000000.0,23248000000.0,4658000000.0,3281000000.0,,477000000.0,42779000000.0,11833000000.0,9992000000.0,12902000000.0,14487000000.0,2577000000.0,7117000000.0,3027000000.0,504198962.0,4658000000.0,True,0.29762392462105697,0.059632322818517,0.042003789430561246,0.059632322818517,,0.2772754162089073,0.07669650996984502,0.2134249713631157,0.8444181526240175,0.23357254727787,0.8905915648512459,9.765199161425576,4090000000.0,0.05236071282261368,2.1691557451996344,0.03875204834084392,6.5073517545242385,8.111877072844907,COVID Shock
2021,TGT,Target,Consumer_Retail,93561000000.0,27384000000.0,6539000000.0,4368000000.0,,977000000.0,51248000000.0,14440000000.0,10643000000.0,20756000000.0,20125000000.0,8511000000.0,10525000000.0,2649000000.0,500877129.0,6539000000.0,True,0.29268605508705553,0.06989023204112825,0.04668611921634014,0.06989023204112825,,0.30249307479224374,0.08523259444270996,0.2606944942789937,0.7370498614958448,0.20767639712769279,1.0313540372670806,6.69293756397134,7876000000.0,0.084180374301258,2.409569597069597,0.028313079167601885,8.720701639383499,15.724415318631968,COVID Rebound
2022,TGT,Target,Consumer_Retail,106005000000.0,31042000000.0,8946000000.0,6946000000.0,,421000000.0,53811000000.0,12827000000.0,11568000000.0,21573000000.0,21747000000.0,5911000000.0,8625000000.0,3544000000.0,471274073.0,8946000000.0,True,0.29283524362058394,0.08439224564879015,0.0655252110749493,0.08439224564879015,,0.541513993919077,0.12908141458066194,0.3667144906743185,0.9018476650814687,0.21497463343925963,0.9919988963995033,21.24940617577197,5081000000.0,0.047931701334842695,1.2417218543046358,0.033432385264846,14.738769641588155,10.781412114729257,Inflation & Rate Hikes
2023,TGT,Target,Consumer_Retail,109120000000.0,26814000000.0,3848000000.0,2780000000.0,,478000000.0,53335000000.0,11232000000.0,14141000000.0,17846000000.0,19500000000.0,2229000000.0,4018000000.0,5528000000.0,460346947.0,3848000000.0,True,0.24572947214076246,0.03526392961876833,0.025476539589442817,0.03526392961876833,,0.2475071225071225,0.05212337114465173,0.15165727347968314,1.2589921652421652,0.26513546451673387,0.9151794871794872,8.05020920502092,-1510000000.0,-0.013837976539589443,1.4453237410071942,0.05065982404692082,6.038923507838534,-3.280134711092154,Inflation & Rate Hikes
2024,TGT,Target,Consumer_Retail,107412000000.0,29584000000.0,5707000000.0,4138000000.0,,502000000.0,55356000000.0,13432000000.0,14151000000.0,17498000000.0,19304000000.0,3805000000.0,8621000000.0,4806000000.0,461675441.0,5707000000.0,True,0.2754254645663427,0.05313186608572599,0.03852455963951886,0.05313186608572599,,0.30807027992852887,0.07475251101958234,0.2069028024507849,1.0535288862418106,0.2556362453934533,0.9064442602569416,11.368525896414342,3815000000.0,0.035517446840204074,2.083373610439826,0.04474360406658474,8.963006546410599,8.263380854170235,Normalization
2007,WMT,Walmart,Consumer_Retail,,,,,,,,63733000000.0,,,,,,,,,True,,,,,,,,,,,,,,,,,,,Pre-Crisis Buildup
2008,WMT,Walmart,Consumer_Retail,373821000000.0,89684000000.0,21952000000.0,12731000000.0,,1863000000.0,,66250000000.0,,,,-2198000000.0,20642000000.0,14937000000.0,4072000000.0,21952000000.0,True,0.2399116154523154,0.05872329269891204,0.034056406675922433,0.05872329269891204,,0.19216603773584906,,0.3313509433962264,,,,11.783145464304885,5705000000.0,0.015261314907402205,1.6213965909983505,0.039957626778591895,3.12647347740668,1.401031434184676,Financial Crisis
2009,WMT,Walmart,Consumer_Retail,401087000000.0,97146000000.0,22767000000.0,13381000000.0,,1896000000.0,163429000000.0,65285000000.0,31349000000.0,48949000000.0,55390000000.0,7275000000.0,23147000000.0,11499000000.0,3925000000.0,22767000000.0,True,0.2422068030128127,0.05676324587932294,0.03336183920196865,0.05676324587932294,,0.20496285517347018,0.08187653354055889,0.23560030631040835,0.4801868729417171,0.1918203011705389,0.8837154721068785,12.007911392405063,11648000000.0,0.02904108086275546,1.7298408190718182,0.028669590388120284,3.409171974522293,2.967643312101911,Financial Crisis
2010,WMT,Walmart,Consumer_Retail,405132000000.0,101026000000.0,24002000000.0,14370000000.0,,1787000000.0,170407000000.0,70468000000.0,37281000000.0,48032000000.0,55543000000.0,7907000000.0,26249000000.0,12184000000.0,3786000000.0,24002000000.0,True,0.24936563885350949,0.059244888085858434,0.03546992091466485,0.059244888085858434,,0.20392234773230403,0.08432752175673534,0.22275844787422622,0.5290486461940171,0.21877622398140922,0.864771438345066,13.431449356463347,14065000000.0,0.03471707986532784,1.826652748782185,0.03007414867253142,3.7955625990491284,3.7150026413100896,Post-Crisis Recovery
2011,WMT,Walmart,Consumer_Retail,418952000000.0,104006000000.0,25542000000.0,16389000000.0,,1928000000.0,180782000000.0,68542000000.0,45347000000.0,52012000000.0,58603000000.0,7395000000.0,23643000000.0,12699000000.0,3516000000.0,25542000000.0,True,0.24825278313506083,0.060966411426607345,0.03911903989001127,0.060966411426607345,,0.2391088675556593,0.09065614939540441,0.22427100071121883,0.6615943509089317,0.25083802590965915,0.8875313550500827,13.24792531120332,10944000000.0,0.026122324275812025,1.442613948380011,0.030311348316752276,4.661262798634812,3.112627986348123,Post-Crisis Recovery
2012,WMT,Walmart,Consumer_Retail,443416000000.0,108423000000.0,26491000000.0,15699000000.0,,2034000000.0,193406000000.0,71315000000.0,46045000000.0,54975000000.0,62300000000.0,6550000000.0,24255000000.0,13510000000.0,3418000000.0,26491000000.0,True,0.2445175636422682,0.059742995291103614,0.03540467642123875,0.059742995291103614,,0.2201360162658627,0.0811712149571368,0.2257242672119973,0.6456565939844352,0.23807431000072388,0.8824237560192616,13.02409046214356,10745000000.0,0.024232323596803003,1.545002866424613,0.03046800295884677,4.59303686366296,3.1436512580456406,Post-Crisis Recovery
2013,WMT,Walmart,Consumer_Retail,465604000000.0,113307000000.0,27725000000.0,16999000000.0,,1977000000.0,203105000000.0,76343000000.0,43981000000.0,59940000000.0,71818000000.0,7781000000.0,25591000000.0,12898000000.0,3389000000.0,27725000000.0,True,0.24335486808532572,0.05954630973960705,0.036509566069020026,0.05954630973960705,,0.22266612525051413,0.08369562541542552,0.23041953392506898,0.5760973501172341,0.21654316732724452,0.8346097078726782,14.02377339403136,12693000000.0,0.02726136373398854,1.5054414965586211,0.027701652047662822,5.015933903806433,3.7453526113897904,Post-Crisis Recovery
2014,WMT,Walmart,Consumer_Retail,473076000000.0,115007000000.0,26872000000.0,16022000000.0,,2072000000.0,204541000000.0,76255000000.0,45874000000.0,61185000000.0,69345000000.0,7281000000.0,23257000000.0,13115000000.0,3283000000.0,26872000000.0,True,0.24310470199291445,0.05680271246057716,0.03386770835975615,0.05680271246057716,,0.2101108124057439,0.078331483663422,0.22002964078965684,0.6015867811946758,0.22427777316039327,0.882327492969933,12.96911196911197,10142000000.0,0.021438415814795084,1.4515665959305954,0.027722818320946318,4.880292415473652,3.089247639354249,Low Rate Bull Market
2015,WMT,Walmart,Consumer_Retail,482229000000.0,117143000000.0,27147000000.0,16363000000.0,,2161000000.0,203490000000.0,81394000000.0,45680000000.0,63278000000.0,65253000000.0,9135000000.0,28564000000.0,12174000000.0,3243000000.0,27147000000.0,True,0.24291985757803866,0.056294830879105154,0.0339320115546763,0.056294830879105154,,0.2010344742855739,0.08041181384834635,0.21363142735728788,0.5612207288006487,0.2244827755663669,0.9697331923436471,12.562239703840815,16390000000.0,0.03398800155113027,1.7456456639980444,0.02524526729002196,5.04563675609004,5.053962380511872,Low Rate Bull Market
2016,WMT,Walmart,Consumer_Retail,478614000000.0,117630000000.0,24105000000.0,14694000000.0,,2027000000.0,199581000000.0,80546000000.0,40959000000.0,60239000000.0,64619000000.0,8705000000.0,27552000000.0,11477000000.0,3217000000.0,24105000000.0,True,0.24577216713259536,0.05036417655981647,0.03070114956938159,0.05036417655981647,,0.1824299158244978,0.0736242427886422,0.19838689765853257,0.5085168723462369,0.20522494626241977,0.9322180782741918,11.89195855944746,16075000000.0,0.03358656453843807,1.875051041241323,0.02397965792893647,4.567609574137395,4.996891513832764,Low Rate Bull Market
2017,WMT,Walmart,Consumer_Retail,481317000000.0,120061000000.0,22764000000.0,13643000000.0,,2044000000.0,198825000000.0,77798000000.0,38271000000.0,57689000000.0,66928000000.0,6867000000.0,31673000000.0,10619000000.0,3112000000.0,22764000000.0,True,0.24944267499381903,0.04729523370252869,0.028345144675961997,0.04729523370252869,,0.1753644052546338,0.06861813152269584,0.1961247189171958,0.49192781305432015,0.19248585439456808,0.8619561319627062,11.136986301369863,21054000000.0,0.04374248156620273,2.3215568423367294,0.022062383003301357,4.3839974293059125,6.765424164524422,Low Rate Bull Market
2018,WMT,Walmart,Consumer_Retail,495761000000.0,122365000000.0,20437000000.0,9862000000.0,,1978000000.0,204522000000.0,77869000000.0,33783000000.0,59664000000.0,78521000000.0,6756000000.0,28337000000.0,10051000000.0,3010000000.0,20437000000.0,True,0.24682256167790528,0.041223492771718634,0.01989264988573123,0.041223492771718634,,0.1266486021394907,0.04821975142038509,0.18304195177874108,0.4338440200850146,0.16518027400475255,0.7598476840590416,10.332153690596563,18286000000.0,0.0368847085591646,2.873352261204624,0.02027388197135313,3.2764119601328905,6.075083056478405,Low Rate Bull Market
2019,WMT,Walmart,Consumer_Retail,510329000000.0,125028000000.0,21957000000.0,6670000000.0,,1975000000.0,219295000000.0,72496000000.0,45396000000.0,61897000000.0,77477000000.0,7722000000.0,27753000000.0,10344000000.0,2945000000.0,21957000000.0,True,0.24499489544979808,0.0430251857135299,0.013069999941214393,0.0430251857135299,,0.09200507614213198,0.030415650151622245,0.1862467342991891,0.6261862723460605,0.2070088237305912,0.7989080630380629,11.117468354430379,17409000000.0,0.034113287702638884,4.160869565217391,0.020269277270153176,2.264855687606112,5.911375212224109,Low Rate Bull Market
2020,WMT,Walmart,Consumer_Retail,519926000000.0,125321000000.0,20568000000.0,14881000000.0,,2262000000.0,236495000000.0,74669000000.0,49076000000.0,61806000000.0,77790000000.0,9465000000.0,25255000000.0,10705000000.0,2868000000.0,20568000000.0,True,0.241036224385778,0.039559475771552104,0.028621380734950744,0.039559475771552104,,0.1992928792403809,0.06292310619674835,0.16621277627378883,0.6572473181641645,0.207513900928138,0.7945237177015041,9.092838196286472,14550000000.0,0.027984751676200074,1.6971305691821785,0.02058946850128672,5.1886331938633194,5.073221757322176,COVID Shock
2021,WMT,Walmart,Consumer_Retail,555233000000.0,134918000000.0,22548000000.0,13510000000.0,,1976000000.0,252496000000.0,80925000000.0,44309000000.0,90067000000.0,92645000000.0,17741000000.0,36074000000.0,10264000000.0,2847000000.0,22548000000.0,True,0.2429934820156583,0.040609978153315816,0.024332127233071522,0.040609978153315816,,0.16694470188446092,0.053505798111653256,0.18004695210565821,0.5475316651220266,0.1754839680628604,0.9721733498839656,11.410931174089068,25810000000.0,0.046484989184720646,2.6701702442635087,0.018485932932660702,4.745345978222691,9.065683175272216,COVID Rebound
2022,WMT,Walmart,Consumer_Retail,567762000000.0,138762000000.0,25942000000.0,13673000000.0,,1674000000.0,244860000000.0,83253000000.0,37667000000.0,81070000000.0,87379000000.0,14760000000.0,24181000000.0,13106000000.0,8415000000.0,25942000000.0,True,0.24440170353070476,0.04569168066901272,0.024082273910547024,0.04569168066901272,,0.16423432188629838,0.05584007187780773,0.21453853787628183,0.4524401523068238,0.15383076043453403,0.9277972968333352,15.497013142174433,11075000000.0,0.019506412898362344,1.7685219044832883,0.023083616022206488,1.6248366013071895,1.3161021984551395,Inflation & Rate Hikes
2023,WMT,Walmart,Consumer_Retail,605881000000.0,142160000000.0,20428000000.0,11680000000.0,,1787000000.0,243197000000.0,76693000000.0,38840000000.0,75655000000.0,92198000000.0,8625000000.0,28841000000.0,16857000000.0,8202000000.0,20428000000.0,True,0.23463353364769649,0.03371619179343799,0.0192777129502328,0.03371619179343799,,0.15229551588802107,0.04802690822666398,0.1768152822137398,0.5064347463262618,0.15970591742496823,0.8205709451398078,11.431449356463347,11984000000.0,0.01977946164345804,2.469263698630137,0.0278222951371639,1.4240429163618629,1.4611070470616923,Inflation & Rate Hikes
2024,WMT,Walmart,Consumer_Retail,642637000000.0,152495000000.0,27012000000.0,15511000000.0,,2259000000.0,252399000000.0,83861000000.0,39579000000.0,76877000000.0,92415000000.0,9867000000.0,35726000000.0,20606000000.0,8108000000.0,27012000000.0,True,0.23729570504032604,0.04203306065477089,0.024136487628318944,0.04203306065477089,,0.18496082803687053,0.0614542846841707,0.21882696046662345,0.4719595521160015,0.15681123934722405,0.8318671211383434,11.95750332005312,15120000000.0,0.023528057052426176,2.303268648056218,0.03206475817607763,1.9130488406512087,1.8648248643315244,Normalization
2006,AMZN,Amazon,Ecommerce_Logistics,,,,,,,,431000000.0,,,,1022000000.0,,,,,True,,,,,,,,,,,,,,,,,,,Pre-Crisis Buildup
2007,AMZN,Amazon,Ecommerce_Logistics,14835000000.0,3353000000.0,655000000.0,476000000.0,,77000000.0,,1197000000.0,,,,2539000000.0,1405000000.0,224000000.0,424000000.0,655000000.0,True,0.2260195483653522,0.044152342433434445,0.03208628244017526,0.044152342433434445,,0.39766081871345027,,0.5472013366750209,,,,8.506493506493506,1181000000.0,0.07960903269295584,2.9516806722689077,0.015099427030670711,1.1226415094339623,2.785377358490566,Pre-Crisis Buildup
2008,AMZN,Amazon,Ecommerce_Logistics,19166000000.0,4270000000.0,842000000.0,645000000.0,,71000000.0,8314000000.0,2672000000.0,409000000.0,6157000000.0,4746000000.0,2769000000.0,1697000000.0,333000000.0,428000000.0,842000000.0,True,0.22279035792549307,0.04393196285088177,0.03365334446415528,0.04393196285088177,,0.24139221556886228,0.07757998556651431,0.2732878935410581,0.1530688622754491,0.04919413038248737,1.2973029919932575,11.859154929577464,1364000000.0,0.07116769278931441,2.6310077519379846,0.017374517374517374,1.5070093457943925,3.1869158878504673,Financial Crisis
2009,AMZN,Amazon,Ecommerce_Logistics,24509000000.0,5531000000.0,1129000000.0,902000000.0,,34000000.0,13813000000.0,5257000000.0,109000000.0,9797000000.0,7364000000.0,3444000000.0,3293000000.0,373000000.0,444000000.0,1129000000.0,True,0.2256722020482272,0.04606471092251826,0.036802807132073935,0.04606471092251826,,0.17158074947688795,0.06530080359082024,0.21039880730525531,0.02073425908312726,0.007891117063635706,1.3303910917979358,33.205882352941174,2920000000.0,0.11913990778897547,3.6507760532150777,0.0152188991798931,2.0315315315315314,6.576576576576577,Financial Crisis
2010,AMZN,Amazon,Ecommerce_Logistics,34204000000.0,7643000000.0,1406000000.0,1152000000.0,,39000000.0,18797000000.0,6864000000.0,184000000.0,13747000000.0,10372000000.0,3777000000.0,3495000000.0,979000000.0,451000000.0,1406000000.0,True,0.22345339726347796,0.04110630335633259,0.03368027131329669,0.04110630335633259,,0.16783216783216784,0.0612863754854498,0.19948921679909193,0.026806526806526808,0.009788796084481566,1.3253952950250676,36.05128205128205,2516000000.0,0.073558648111332,3.0338541666666665,0.028622383346976962,2.5543237250554323,5.578713968957872,Post-Crisis Recovery
2011,AMZN,Amazon,Ecommerce_Logistics,48077000000.0,10789000000.0,862000000.0,631000000.0,,65000000.0,25278000000.0,7757000000.0,384000000.0,17490000000.0,14896000000.0,5269000000.0,3903000000.0,1811000000.0,455000000.0,862000000.0,True,0.22441084094265448,0.0179295713126859,0.013124779000353599,0.0179295713126859,,0.08134588113961583,0.024962417912809558,0.10588379805920649,0.04950367410081217,0.015191075243294565,1.174140708915145,13.261538461538462,2092000000.0,0.043513530378351394,6.185419968304279,0.03766873973001643,1.3868131868131868,4.5978021978021975,Post-Crisis Recovery
2012,AMZN,Amazon,Ecommerce_Logistics,61093000000.0,15122000000.0,676000000.0,-39000000.0,,92000000.0,32555000000.0,8192000000.0,3691000000.0,21296000000.0,19002000000.0,8084000000.0,4180000000.0,3785000000.0,454000000.0,676000000.0,True,0.24752426628255284,0.011065097474342396,-0.0006383710081351383,0.011065097474342396,,-0.0047607421875,-0.0011979726616495163,0.05688799124800135,0.4505615234375,0.1133773613884196,1.1207241343016525,7.3478260869565215,395000000.0,0.006465552518291785,-10.0,0.06195472476388457,-0.08590308370044053,0.8700440528634361,Post-Crisis Recovery
2013,AMZN,Amazon,Ecommerce_Logistics,74452000000.0,20271000000.0,745000000.0,274000000.0,,141000000.0,40159000000.0,9746000000.0,3967000000.0,24625000000.0,22980000000.0,8658000000.0,5475000000.0,3444000000.0,459000000.0,745000000.0,True,0.27226938161500025,0.010006447106860796,0.0036802234997045076,0.010006447106860796,,0.02811409809152473,0.006822879055753381,0.05432800991759644,0.4070387851426226,0.09878234019771409,1.0715839860748477,5.283687943262412,2031000000.0,0.027279320904743998,10.0,0.04625799172621286,0.5969498910675382,4.42483660130719,Post-Crisis Recovery
2014,AMZN,Amazon,Ecommerce_Logistics,88988000000.0,26236000000.0,178000000.0,-241000000.0,,210000000.0,54505000000.0,10741000000.0,9881000000.0,31327000000.0,28089000000.0,14557000000.0,6842000000.0,4893000000.0,465000000.0,178000000.0,True,0.2948262687103879,0.002000269699285297,-0.0027082303231896437,0.002000269699285297,,-0.022437389442323805,-0.004421612696082928,0.008631558529725535,0.9199329671352761,0.18128612053940005,1.1152764427355903,0.8476190476190476,1949000000.0,0.02190182946015193,-10.0,0.054984941789904256,-0.5182795698924731,4.191397849462366,Low Rate Bull Market
2015,AMZN,Amazon,Ecommerce_Logistics,107006000000.0,35355000000.0,2233000000.0,596000000.0,,459000000.0,64747000000.0,13384000000.0,8562000000.0,35705000000.0,33887000000.0,15890000000.0,12039000000.0,4589000000.0,471000000.0,2233000000.0,True,0.33040203353083003,0.020867988710913405,0.0055697811337682,0.020867988710913405,,0.04453078302450687,0.009205059693885432,0.10174974938485373,0.6397190675433353,0.13223778707893802,1.0536488919054505,4.864923747276689,7450000000.0,0.0696222641721025,10.0,0.04288544567594341,1.2653927813163481,15.817409766454352,Low Rate Bull Market
2016,AMZN,Amazon,Ecommerce_Logistics,135987000000.0,47722000000.0,4186000000.0,2371000000.0,,484000000.0,83402000000.0,19285000000.0,8838000000.0,45781000000.0,43816000000.0,19334000000.0,17203000000.0,6737000000.0,477000000.0,4186000000.0,True,0.35093060366064405,0.030782354195621642,0.017435490157147373,0.030782354195621642,,0.12294529427015816,0.02842857485432004,0.14884614016996764,0.4582836401348198,0.10596868180619169,1.044846631367537,8.648760330578513,10466000000.0,0.07696323913315244,7.25558835934205,0.04954150029046894,4.970649895178197,21.941299790356393,Low Rate Bull Market
2017,AMZN,Amazon,Ecommerce_Logistics,177866000000.0,65932000000.0,4106000000.0,3033000000.0,,848000000.0,131310000000.0,27709000000.0,24942000000.0,60197000000.0,57883000000.0,20522000000.0,18365000000.0,11955000000.0,484000000.0,4106000000.0,True,0.3706835482891615,0.023084794170892695,0.01705216286417865,0.023084794170892695,,0.10945902053484427,0.023098012337217273,0.07798522345254601,0.9001407484932693,0.1899474525931003,1.039977195376881,4.841981132075472,6410000000.0,0.03603836596089191,6.055060995713815,0.06721352029055581,6.266528925619835,13.243801652892563,Low Rate Bull Market
2018,AMZN,Amazon,Ecommerce_Logistics,232887000000.0,93731000000.0,12421000000.0,10073000000.0,,1417000000.0,162648000000.0,43549000000.0,24965000000.0,75101000000.0,68391000000.0,31750000000.0,30723000000.0,13427000000.0,491000000.0,12421000000.0,True,0.4024741612885219,0.053334879147397665,0.04325273630559026,0.053334879147397665,,0.231302670555007,0.06193128719689145,0.18129141489330647,0.5732623022342649,0.1534909743741085,1.098112324721089,8.765702187720537,17296000000.0,0.0742677779352218,3.050034746351633,0.057654570671613274,20.5152749490835,35.22606924643585,Low Rate Bull Market
2019,AMZN,Amazon,Ecommerce_Logistics,280522000000.0,114986000000.0,14541000000.0,11588000000.0,,1600000000.0,225248000000.0,62060000000.0,24820000000.0,96334000000.0,87812000000.0,36092000000.0,38514000000.0,16861000000.0,498000000.0,14541000000.0,True,0.4099001147860061,0.05183550666257905,0.04130870306072251,0.05183550666257905,,0.1867225265871737,0.051445517829237106,0.16736878453038673,0.3999355462455688,0.11018965762182129,1.0970482394205803,9.088125,21653000000.0,0.07718824192041979,3.323610631687953,0.060105802753438235,23.269076305220885,43.47991967871486,Low Rate Bull Market
2020,AMZN,Amazon,Ecommerce_Logistics,386064000000.0,152757000000.0,22899000000.0,21331000000.0,,1647000000.0,321195000000.0,93404000000.0,33174000000.0,132733000000.0,126385000000.0,42122000000.0,66064000000.0,40140000000.0,503000000.0,22899000000.0,True,0.3956779186870571,0.05931399975133657,0.05525249699531684,0.05931399975133657,,0.22837351719412444,0.06641137004000686,0.18090821469765678,0.355166802278275,0.10328305235137533,1.0502274795268425,13.903460837887067,25924000000.0,0.06714948816776493,3.097088744081384,0.10397239835882134,42.40755467196819,51.538767395626245,COVID Shock
2021,AMZN,Amazon,Ecommerce_Logistics,469822000000.0,197478000000.0,24879000000.0,33364000000.0,,1809000000.0,420549000000.0,138245000000.0,50553000000.0,161580000000.0,142266000000.0,36220000000.0,46327000000.0,61053000000.0,10175000000.0,24879000000.0,True,0.420325144416396,0.052954097509269465,0.07101412875514557,0.052954097509269465,,0.2413396506202756,0.07933439385184604,0.13177576033644425,0.36567687800643783,0.12020715778660751,1.1357597739445826,13.75290215588723,-14726000000.0,-0.03134378551877094,1.3885325500539503,0.12994921480901278,3.2790171990171992,-1.4472727272727273,COVID Rebound
2022,AMZN,Amazon,Ecommerce_Logistics,513983000000.0,225152000000.0,12248000000.0,-2722000000.0,,2367000000.0,462675000000.0,146043000000.0,70542000000.0,146791000000.0,155393000000.0,53888000000.0,46752000000.0,63645000000.0,10242000000.0,12248000000.0,True,0.43805339865326287,0.023829581912242232,-0.005295895000418302,0.023829581912242232,,-0.018638346240490815,-0.0058831793375479545,0.056550545975021356,0.4830221236211253,0.15246555357432323,0.9446435811136924,5.174482467258133,-16893000000.0,-0.032866845790619534,-10.0,0.12382705264571008,-0.2657684046084749,-1.649384885764499,Inflation & Rate Hikes
2023,AMZN,Amazon,Ecommerce_Logistics,574785000000.0,270046000000.0,36852000000.0,30425000000.0,,3182000000.0,527854000000.0,201875000000.0,67182000000.0,172351000000.0,164917000000.0,73387000000.0,84946000000.0,52729000000.0,10383000000.0,36852000000.0,True,0.46982088955000567,0.0641144079960333,0.05293283575597832,0.0641144079960333,,0.15071207430340558,0.057639044129626754,0.13696725972563434,0.332790092879257,0.1272738295058861,1.0450772206625152,11.581395348837209,32217000000.0,0.0560505232391242,2.7919802793755135,0.09173691032299033,2.9302706346913223,3.1028604449581048,Inflation & Rate Hikes
2024,AMZN,Amazon,Ecommerce_Logistics,637959000000.0,311671000000.0,68593000000.0,59248000000.0,,2406000000.0,624894000000.0,285970000000.0,58000000000.0,190867000000.0,179431000000.0,78779000000.0,115877000000.0,82999000000.0,10593000000.0,68593000000.0,True,0.48854393464156787,0.1075194487420038,0.09287117197186653,0.1075194487420038,,0.2071825715984194,0.09481288026449286,0.19941564671337617,0.2028184774626709,0.09281574154976684,1.063734806137178,28.509143807148796,32878000000.0,0.05153622724971354,1.9557959762354848,0.13010083720113674,5.593127537052771,3.103747757953365,Normalization
2007,FDX,FedEx,Ecommerce_Logistics,,,,,,,,12656000000.0,,,,1569000000.0,,,,,True,,,,,,,,,,,,,,,,,,,Pre-Crisis Buildup
2008,FDX,FedEx,Ecommerce_Logistics,37953000000.0,2075000000.0,2075000000.0,1125000000.0,,98000000.0,,14851000000.0,,,,1539000000.0,3465000000.0,2947000000.0,,2075000000.0,True,,0.054672884883935395,0.029641925539483045,0.054672884883935395,,0.07575247458083631,,0.13972123089354252,,,,21.1734693877551,518000000.0,0.01364845993729086,3.08,0.07764867072431691,,,Financial Crisis
2009,FDX,FedEx,Ecommerce_Logistics,35497000000.0,747000000.0,747000000.0,98000000.0,,-85000000.0,24244000000.0,13626000000.0,1930000000.0,7116000000.0,4524000000.0,2292000000.0,2753000000.0,2459000000.0,312000000.0,747000000.0,True,,0.021044031890018876,0.0027607966870439754,0.021044031890018876,,0.007192132687509173,0.004042237254578453,0.04802005656981229,0.141640980478497,0.07960732552384095,1.572944297082228,8.788235294117648,294000000.0,0.008282390061131926,10.0,0.06927345972899118,0.3141025641025641,0.9423076923076923,Financial Crisis
2010,FDX,FedEx,Ecommerce_Logistics,34734000000.0,1998000000.0,1998000000.0,1184000000.0,,-79000000.0,24902000000.0,13811000000.0,1789000000.0,7284000000.0,4645000000.0,1952000000.0,3138000000.0,2816000000.0,314000000.0,1998000000.0,True,,0.05752288823631024,0.034087637473369035,0.05752288823631024,,0.08572876692491492,0.04754638181672155,0.1280769230769231,0.12953442907827095,0.07184161914705646,1.5681377825618945,25.29113924050633,322000000.0,0.009270455461507456,2.6503378378378377,0.08107329993666149,3.770700636942675,1.0254777070063694,Post-Crisis Recovery
2011,FDX,FedEx,Ecommerce_Logistics,39304000000.0,2378000000.0,2378000000.0,1452000000.0,,86000000.0,27385000000.0,15220000000.0,1539000000.0,8285000000.0,4882000000.0,2328000000.0,4041000000.0,3434000000.0,317000000.0,2378000000.0,True,,0.06050274781192754,0.036942804803582335,0.06050274781192754,,0.09540078843626806,0.05302172722293226,0.14189390775105915,0.10111695137976347,0.05619864889538068,1.6970503891847604,27.651162790697676,607000000.0,0.015443720740891512,2.7830578512396693,0.08737024221453288,4.580441640378549,1.914826498422713,Post-Crisis Recovery
2012,FDX,FedEx,Ecommerce_Logistics,42680000000.0,3186000000.0,3186000000.0,2032000000.0,,52000000.0,29903000000.0,14727000000.0,1250000000.0,9056000000.0,5374000000.0,2843000000.0,4835000000.0,4007000000.0,317000000.0,3186000000.0,True,,0.0746485473289597,0.04761012183692596,0.0746485473289597,,0.13797786378760102,0.0679530481891449,0.19941165425298868,0.08487811502682148,0.041801825903755474,1.6851507257164124,50.0,828000000.0,0.019400187441424556,2.3794291338582676,0.09388472352389877,6.410094637223975,2.6119873817034702,Post-Crisis Recovery
2013,FDX,FedEx,Ecommerce_Logistics,44287000000.0,,4434000000.0,2716000000.0,,82000000.0,33567000000.0,17398000000.0,2739000000.0,11274000000.0,5750000000.0,4917000000.0,4688000000.0,3375000000.0,317000000.0,4434000000.0,True,,0.10011967394494999,0.061327251789464174,0.10011967394494999,,0.1561098976893896,0.08091280126314535,0.22019168694443064,0.1574318887228417,0.08159799803378318,1.960695652173913,50.0,1313000000.0,0.029647526362137872,1.7260677466863035,0.07620746494456612,8.56782334384858,4.141955835962145,Post-Crisis Recovery
2014,FDX,FedEx,Ecommerce_Logistics,45567000000.0,,3815000000.0,2324000000.0,,160000000.0,33070000000.0,15277000000.0,4736000000.0,9683000000.0,5312000000.0,2908000000.0,4264000000.0,3533000000.0,310000000.0,3815000000.0,True,,0.08372286962055873,0.051001821493624776,0.08372286962055873,,0.15212410813641422,0.07027517387360145,0.1906260930395243,0.31000850952412123,0.14321136982159058,1.8228539156626506,23.84375,731000000.0,0.016042311321789893,1.8347676419965577,0.07753418043759738,7.496774193548387,2.358064516129032,Low Rate Bull Market
2015,FDX,FedEx,Ecommerce_Logistics,47453000000.0,1867000000.0,1867000000.0,1050000000.0,,235000000.0,36469000000.0,14993000000.0,7217000000.0,10335000000.0,5956000000.0,3763000000.0,5366000000.0,4347000000.0,287000000.0,1867000000.0,True,,0.03934419320169431,0.02212715739784629,0.03934419320169431,,0.0700326819182285,0.028791576407359677,0.08406123367852318,0.4813579670512906,0.19789410183991885,1.7352249832102082,7.94468085106383,1019000000.0,0.021473879417528922,5.110476190476191,0.09160643162708364,3.658536585365854,3.5505226480836236,Low Rate Bull Market
2016,FDX,FedEx,Ecommerce_Logistics,50365000000.0,3077000000.0,3077000000.0,1820000000.0,,336000000.0,45959000000.0,13784000000.0,13687000000.0,11989000000.0,8008000000.0,3534000000.0,5708000000.0,4818000000.0,279000000.0,3077000000.0,True,,0.061094013699990075,0.03613620569840167,0.061094013699990075,,0.13203714451538015,0.03960051350116408,0.11200902770194023,0.9929628554846198,0.29780891664309495,1.497127872127872,9.157738095238095,890000000.0,0.017671001687679936,3.1362637362637362,0.0956616698103842,6.523297491039426,3.1899641577060933,Low Rate Bull Market
2017,FDX,FedEx,Ecommerce_Logistics,60319000000.0,46689000000.0,4566000000.0,2997000000.0,,512000000.0,48552000000.0,16073000000.0,14878000000.0,12628000000.0,7918000000.0,3969000000.0,4930000000.0,5116000000.0,270000000.0,4566000000.0,True,,0.07569754140486414,0.04968583696679322,0.07569754140486414,,0.18646176818266658,0.06172763222936233,0.14752350489483376,0.9256517140546258,0.30643433844125884,1.5948471836322304,8.91796875,-186000000.0,-0.003083605497438618,1.6449783116449783,0.08481572970374178,11.1,-0.6888888888888889,Low Rate Bull Market
2018,FDX,FedEx,Ecommerce_Logistics,65450000000.0,50349000000.0,4272000000.0,4572000000.0,,558000000.0,52330000000.0,19416000000.0,16510000000.0,13341000000.0,9627000000.0,3265000000.0,4674000000.0,5663000000.0,272000000.0,4272000000.0,True,,0.06527119938884644,0.06985485103132162,0.06527119938884644,,0.23547589616810877,0.087368622205236,0.11891109502867005,0.8503296250515039,0.3154978024077967,1.3857899657214086,7.655913978494624,-989000000.0,-0.015110771581359816,1.0223097112860893,0.08652406417112299,16.808823529411764,-3.636029411764706,Low Rate Bull Market
2019,FDX,FedEx,Ecommerce_Logistics,69693000000.0,53039000000.0,4466000000.0,540000000.0,,588000000.0,54403000000.0,17757000000.0,17518000000.0,13086000000.0,9013000000.0,2319000000.0,5613000000.0,5490000000.0,265000000.0,4466000000.0,True,,0.06408104113756044,0.007748267401317206,0.06408104113756044,,0.030410542321338063,0.009925923202764553,0.12660524450744154,0.9865405192318523,0.32200430123338786,1.451902807056474,7.595238095238095,123000000.0,0.0017648831303000302,10.0,0.07877405191339158,2.0377358490566038,0.4641509433962264,Low Rate Bull Market
2020,FDX,FedEx,Ecommerce_Logistics,69217000000.0,2417000000.0,2417000000.0,1286000000.0,,672000000.0,73537000000.0,18295000000.0,21518000000.0,16383000000.0,10344000000.0,4881000000.0,5097000000.0,5868000000.0,262000000.0,2417000000.0,True,,0.03491916725659881,0.018579250762096017,0.03491916725659881,,0.07029242962558076,0.017487795259529218,0.060708813704066514,1.1761683520087456,0.29261460217305574,1.583816705336427,3.5967261904761907,-771000000.0,-0.011138882066544346,3.963452566096423,0.08477686117572272,4.908396946564886,-2.9427480916030535,COVID Shock
2021,FDX,FedEx,Ecommerce_Logistics,83959000000.0,5857000000.0,5857000000.0,5231000000.0,,793000000.0,82777000000.0,24168000000.0,19422000000.0,20580000000.0,13660000000.0,7087000000.0,10135000000.0,5884000000.0,268000000.0,5857000000.0,True,,0.06976024011720006,0.06230421991686418,0.06976024011720006,,0.2164432307183052,0.06319388235862619,0.13436568020188117,0.8036246276067527,0.2346303925003322,1.506588579795022,7.385876418663304,4251000000.0,0.05063185602496457,1.937488051997706,0.0700818256529973,19.51865671641791,15.861940298507463,COVID Rebound
2022,FDX,FedEx,Ecommerce_Logistics,93512000000.0,6245000000.0,6245000000.0,3826000000.0,,689000000.0,85994000000.0,24939000000.0,19796000000.0,20365000000.0,14274000000.0,6897000000.0,9832000000.0,6763000000.0,266000000.0,6245000000.0,True,,0.06678287278638036,0.04091453503293695,0.06678287278638036,,0.15341433096756085,0.044491476149498804,0.1395998658768302,0.7937768154296484,0.23020210712375283,1.4267199103264676,9.063860667634252,3069000000.0,0.032819317306869704,2.569785676947203,0.07232226879972624,14.38345864661654,11.537593984962406,Inflation & Rate Hikes
2023,FDX,FedEx,Ecommerce_Logistics,90155000000.0,4912000000.0,4912000000.0,3972000000.0,,694000000.0,87143000000.0,26088000000.0,19779000000.0,18610000000.0,13586000000.0,6856000000.0,8848000000.0,6174000000.0,256000000.0,4912000000.0,True,,0.054483944318118795,0.044057456602517885,0.054483944318118795,,0.15225390984360626,0.045580253147125986,0.10709224496914993,0.7581646734130635,0.22697175906269007,1.3697924333873104,7.077809798270893,2674000000.0,0.02966002994842216,2.227593152064451,0.06848205867672343,15.515625,10.4453125,Inflation & Rate Hikes
2024,FDX,FedEx,Ecommerce_Logistics,87693000000.0,5559000000.0,5559000000.0,4331000000.0,,745000000.0,87007000000.0,27582000000.0,19772000000.0,18207000000.0,13355000000.0,6501000000.0,8312000000.0,5176000000.0,251000000.0,5559000000.0,True,,0.06339160480311998,0.04938820658433398,0.06339160480311998,,0.15702269596113408,0.049777604100819474,0.11739240613253368,0.7168443187586107,0.2272460836484421,1.3633096218644702,7.461744966442953,3136000000.0,0.035761121184131,1.9191872546755946,0.05902409542380806,17.254980079681275,12.49402390438247,Normalization
2006,UPS,UPS,Ecommerce_Logistics,,,,,,,,,,,,794000000.0,,,,,True,,,,,,,,,,,,,,,,,,,Pre-Crisis Buildup
2007,UPS,UPS,Ecommerce_Logistics,49692000000.0,578000000.0,578000000.0,382000000.0,,246000000.0,,,,,,2027000000.0,1123000000.0,2820000000.0,,578000000.0,True,,0.011631650969975047,0.007687354101263785,0.011631650969975047,,,,,,,,2.3495934959349594,-1697000000.0,-0.03415036625613781,2.93979057591623,0.05674957739676407,,,Pre-Crisis Buildup
2008,UPS,UPS,Ecommerce_Logistics,51486000000.0,5382000000.0,5382000000.0,3003000000.0,,442000000.0,31879000000.0,6780000000.0,7797000000.0,8845000000.0,7817000000.0,507000000.0,8426000000.0,2636000000.0,1022000000.0,5382000000.0,True,,0.10453327118051509,0.05832653536883813,0.10453327118051509,,0.4429203539823009,0.09419994353649738,0.3692117719695411,1.15,0.24458107217917752,1.1315082512472816,12.176470588235293,5790000000.0,0.11245775550635125,2.8058608058608057,0.05119838402672571,2.9383561643835616,5.665362035225049,Financial Crisis
2009,UPS,UPS,Ecommerce_Logistics,45297000000.0,3508000000.0,3508000000.0,1968000000.0,,445000000.0,31883000000.0,7630000000.0,9521000000.0,9275000000.0,6239000000.0,1542000000.0,5285000000.0,1602000000.0,1004000000.0,3508000000.0,True,,0.07744442236792723,0.043446585866613686,0.07744442236792723,,0.2579292267365662,0.06172568453407772,0.20453617864847531,1.2478374836173,0.2986230906752815,1.4866164449430999,7.883146067415731,3683000000.0,0.08130781287944014,2.685467479674797,0.03536658056824955,1.9601593625498008,3.6683266932270917,Financial Crisis
2010,UPS,UPS,Ecommerce_Logistics,49545000000.0,5641000000.0,5641000000.0,3338000000.0,,354000000.0,33597000000.0,7979000000.0,10846000000.0,11569000000.0,5902000000.0,3034000000.0,3835000000.0,1389000000.0,1003000000.0,5641000000.0,True,,0.11385609042284792,0.0673730951660107,0.11385609042284792,,0.4183481639303171,0.09935410899782719,0.2996547144754316,1.359318210302043,0.32282644283715806,1.96018298881735,15.935028248587571,2446000000.0,0.04936926026844283,1.1488915518274416,0.028035119588253103,3.3280159521435695,2.4386839481555334,Post-Crisis Recovery
2011,UPS,UPS,Ecommerce_Logistics,53105000000.0,6080000000.0,6080000000.0,3804000000.0,,348000000.0,34701000000.0,7035000000.0,11128000000.0,12284000000.0,6514000000.0,3034000000.0,7073000000.0,2005000000.0,991000000.0,6080000000.0,True,,0.11449016100178891,0.07163167310046135,0.11449016100178891,,0.540724946695096,0.10962220108930579,0.3347464625887794,1.5818052594171996,0.32068240108354223,1.8857844642308874,17.471264367816094,5068000000.0,0.09543357499293852,1.8593585699263933,0.03775539026457019,3.8385469223007065,5.1140262361251265,Post-Crisis Recovery
2012,UPS,UPS,Ecommerce_Logistics,54127000000.0,1343000000.0,1343000000.0,807000000.0,,393000000.0,38863000000.0,4653000000.0,11992000000.0,15591000000.0,8390000000.0,7327000000.0,7216000000.0,2153000000.0,969000000.0,1343000000.0,True,,0.024812016184159475,0.014909379791970736,0.024812016184159475,,0.17343649258542876,0.02076525229652883,0.0806848903574647,2.577261981517301,0.30857113449810875,1.8582836710369488,3.4173027989821882,5063000000.0,0.09353926875681268,8.94175960346964,0.03977682117981784,0.8328173374613003,5.224974200206399,Post-Crisis Recovery
2013,UPS,UPS,Ecommerce_Logistics,55438000000.0,7034000000.0,7034000000.0,4372000000.0,,380000000.0,35553000000.0,6474000000.0,10279000000.0,13387000000.0,7131000000.0,4665000000.0,7304000000.0,2065000000.0,948000000.0,7034000000.0,True,,0.1268804790937624,0.07886287384104766,0.1268804790937624,,0.6753166512202656,0.12297133856495936,0.4198650987882767,1.5877355576150758,0.28911765533147693,1.877296311877717,18.510526315789473,5239000000.0,0.0945019661603954,1.6706312900274474,0.037248818499945886,4.6118143459915615,5.526371308016878,Post-Crisis Recovery
2014,UPS,UPS,Ecommerce_Logistics,58232000000.0,4968000000.0,4968000000.0,3032000000.0,,353000000.0,35440000000.0,2141000000.0,10081000000.0,11218000000.0,8621000000.0,2291000000.0,5726000000.0,2328000000.0,924000000.0,4968000000.0,True,,0.08531391674680588,0.05206759170215689,0.08531391674680588,,1.4161606725829052,0.0855530474040632,0.406480117820324,4.708547407753386,0.28445259593679456,1.3012411553184084,14.073654390934845,3398000000.0,0.058352795713696934,1.8885224274406331,0.039978018958648165,3.2813852813852815,3.6774891774891776,Low Rate Bull Market
2015,UPS,UPS,Ecommerce_Logistics,58363000000.0,7668000000.0,7668000000.0,4844000000.0,,341000000.0,38311000000.0,2470000000.0,13692000000.0,13208000000.0,10696000000.0,2730000000.0,7430000000.0,2379000000.0,906000000.0,7668000000.0,True,,0.13138461011257133,0.08299778969552628,0.13138461011257133,,1.9611336032388664,0.12643888178329984,0.4744462319019923,5.54331983805668,0.3573908276996163,1.2348541510845177,22.486803519061585,5051000000.0,0.08654455733941024,1.5338563170933113,0.04076212668985487,5.346578366445916,5.575055187637969,Low Rate Bull Market
2016,UPS,UPS,Ecommerce_Logistics,61610000000.0,7688000000.0,7688000000.0,3422000000.0,,381000000.0,40545000000.0,405000000.0,15557000000.0,13849000000.0,11730000000.0,3476000000.0,6473000000.0,2965000000.0,887000000.0,7688000000.0,True,,0.12478493751014445,0.05554293134231456,0.12478493751014445,,5.0,0.08440004932790726,0.4816439042726475,20.0,0.3836971266494019,1.1806479113384485,20.178477690288712,3508000000.0,0.056938808634961854,1.891583869082408,0.04812530433371206,3.857948139797069,3.9549041713641486,Low Rate Bull Market
2017,UPS,UPS,Ecommerce_Logistics,66585000000.0,7529000000.0,7529000000.0,4905000000.0,,453000000.0,45574000000.0,994000000.0,23886000000.0,15718000000.0,12886000000.0,3320000000.0,1479000000.0,5227000000.0,875000000.0,7529000000.0,True,,0.11307351505594353,0.07366523991890066,0.11307351505594353,,4.934607645875252,0.10762715583446703,0.30261254019292605,20.0,0.5241146267608724,1.2197733974856433,16.620309050772626,-3748000000.0,-0.05628895396861155,0.3015290519877676,0.07850116392580912,5.605714285714286,-4.283428571428572,Low Rate Bull Market
2018,UPS,UPS,Ecommerce_Logistics,71861000000.0,7024000000.0,7024000000.0,4791000000.0,,605000000.0,50016000000.0,3021000000.0,22349000000.0,16210000000.0,14087000000.0,4225000000.0,12711000000.0,6283000000.0,870000000.0,7024000000.0,True,,0.09774425627252613,0.0666703775344067,0.09774425627252613,,1.585898709036743,0.09578934740882918,0.27686243594797005,7.397881496193313,0.44683701215611005,1.1507063249804785,11.6099173553719,6428000000.0,0.08945046687354755,2.6530995616781463,0.08743268253990343,5.506896551724138,7.388505747126437,Low Rate Bull Market
2019,UPS,UPS,Ecommerce_Logistics,74094000000.0,7798000000.0,7798000000.0,4440000000.0,,653000000.0,57857000000.0,3267000000.0,24891000000.0,17103000000.0,15413000000.0,5238000000.0,8639000000.0,6380000000.0,869000000.0,7798000000.0,True,,0.10524468917861095,0.059923880476151915,0.10524468917861095,,1.3590449954086317,0.07674093022451907,0.2769372824774487,7.618916437098255,0.4302158770762397,1.1096476999935119,11.941807044410414,2259000000.0,0.030488298647663777,1.9457207207207208,0.08610683726077685,5.109321058688147,2.5995397008055234,Low Rate Bull Market
2020,UPS,UPS,Ecommerce_Logistics,84628000000.0,7684000000.0,7684000000.0,1343000000.0,,701000000.0,62408000000.0,657000000.0,24472000000.0,20216000000.0,17016000000.0,5910000000.0,10459000000.0,5412000000.0,871000000.0,7684000000.0,True,,0.09079737202817034,0.015869452190764285,0.09079737202817034,,2.0441400304414,0.02151967696449173,0.3057821640335867,20.0,0.39212921420330726,1.1880582980724024,10.961483594864479,5047000000.0,0.05963747223141277,7.787788533134773,0.06395046556695183,1.541905855338691,5.794489092996556,COVID Shock
2021,UPS,UPS,Ecommerce_Logistics,97287000000.0,12810000000.0,12810000000.0,12890000000.0,,694000000.0,69405000000.0,14253000000.0,21677000000.0,24934000000.0,17569000000.0,10255000000.0,15007000000.0,4194000000.0,878000000.0,12810000000.0,True,,0.13167226864843196,0.13249457789838315,0.13167226864843196,,0.9043710096120116,0.18572148980620992,0.3565265794600612,1.5208727987090438,0.31232620128232835,1.4192042802663782,18.45821325648415,10813000000.0,0.11114537399652574,1.1642358417377812,0.04310956242869037,14.681093394077449,12.315489749430524,COVID Rebound
2022,UPS,UPS,Ecommerce_Logistics,100338000000.0,13094000000.0,13094000000.0,11548000000.0,,704000000.0,71124000000.0,19786000000.0,19436000000.0,22217000000.0,18140000000.0,5602000000.0,14104000000.0,4769000000.0,875000000.0,13094000000.0,True,,0.13049891367178934,0.1150909924455341,0.13049891367178934,,0.5836450015162236,0.16236432146673416,0.3338432512365509,0.9823107247548772,0.27326921995388337,1.2247519294377067,18.599431818181817,9335000000.0,0.09303553987522176,1.2213370280568063,0.047529350794315216,13.197714285714286,10.668571428571429,Inflation & Rate Hikes
2023,UPS,UPS,Ecommerce_Logistics,90958000000.0,9141000000.0,9141000000.0,6708000000.0,,785000000.0,70857000000.0,17306000000.0,21998000000.0,19413000000.0,17676000000.0,3206000000.0,10238000000.0,5158000000.0,860000000.0,9141000000.0,True,,0.10049693265023417,0.07374832340200972,0.10049693265023417,,0.3876112330983474,0.09466954570472924,0.2325717484225524,1.2711198428290766,0.31045627108119167,1.0982688391038697,11.644585987261147,5080000000.0,0.055849952725433714,1.52623732856291,0.056707491369643134,7.8,5.906976744186046,Inflation & Rate Hikes
2024,UPS,UPS,Ecommerce_Logistics,91070000000.0,8468000000.0,8468000000.0,5782000000.0,,866000000.0,70070000000.0,16718000000.0,21030000000.0,19310000000.0,16441000000.0,6112000000.0,10122000000.0,3909000000.0,856000000.0,8468000000.0,True,,0.09298341934775448,0.06348962336664105,0.09298341934775448,,0.34585476731666465,0.08251748251748252,0.22432976581540745,1.2579255891853092,0.30012844298558583,1.174502767471565,9.778290993071593,6213000000.0,0.06822224662347645,1.7506053268765134,0.04292302624354892,6.7546728971962615,7.258177570093458,Normalization
2006,CVX,Chevron,Energy,,,,,,,,,,,,10493000000.0,,,,,True,,,,,,,,,,,,,,,,,,,Pre-Crisis Buildup
2007,CVX,Chevron,Energy,220904000000.0,32274000000.0,32274000000.0,18688000000.0,,166000000.0,,77088000000.0,,,,7362000000.0,24977000000.0,16678000000.0,,32274000000.0,True,,0.14609966320211495,0.08459783435338428,0.14609966320211495,,0.24242424242424243,,0.4186643835616438,,,,50.0,8299000000.0,0.03756835548473545,1.3365261130136987,0.07549885923296998,,,Pre-Crisis Buildup
2008,CVX,Chevron,Energy,273005000000.0,43057000000.0,43057000000.0,23931000000.0,702000000.0,0.0,161165000000.0,86648000000.0,5742000000.0,36470000000.0,32023000000.0,9347000000.0,29632000000.0,19666000000.0,2050000000.0,43057000000.0,True,,0.15771506016373327,0.0876577352063149,0.15771506016373327,0.002571381476529734,0.27618640938048195,0.14848757484565508,0.46603528520402643,0.0662681192872311,0.035628083020506934,1.1388689379508479,50.0,9966000000.0,0.036504825918939214,1.23822656804981,0.07203531070859508,11.673658536585366,4.861463414634146,Financial Crisis
2009,CVX,Chevron,Energy,171636000000.0,18528000000.0,1310000000.0,10483000000.0,603000000.0,28000000.0,164621000000.0,91914000000.0,5705000000.0,37216000000.0,26211000000.0,8716000000.0,19373000000.0,19843000000.0,2001000000.0,1310000000.0,True,,0.007632431424642849,0.06107693024773358,0.007632431424642849,0.003513248968747815,0.11405226624888483,0.06367960345277941,0.013419518741228655,0.06206889048458342,0.03465535988725618,1.419861890046164,46.785714285714285,-470000000.0,-0.002738353259223007,1.8480396832967663,0.11561094409098324,5.2388805597201396,-0.23488255872063968,Financial Crisis
2010,CVX,Chevron,Energy,204928000000.0,32055000000.0,6528000000.0,19024000000.0,526000000.0,50000000.0,184769000000.0,105081000000.0,5636000000.0,48841000000.0,29012000000.0,14060000000.0,31354000000.0,19612000000.0,2007000000.0,6528000000.0,True,,0.03185509056839475,0.09283260462211118,0.03185509056839475,0.0025667551530293565,0.18104129195572938,0.10296099453912723,0.058961135146364155,0.053634815047439596,0.030502952335077854,1.683475803115952,50.0,11742000000.0,0.05729817301686446,1.6481286795626577,0.09570190505933791,9.478824115595415,5.850523168908819,Post-Crisis Recovery
2011,CVX,Chevron,Energy,253706000000.0,47634000000.0,10222000000.0,26895000000.0,627000000.0,0.0,209474000000.0,121382000000.0,4101000000.0,53234000000.0,33600000000.0,15864000000.0,41095000000.0,26500000000.0,2001000000.0,10222000000.0,True,,0.04029073021528856,0.10600852955783466,0.04029073021528856,0.0024713644927593357,0.2215732151389827,0.12839302252308163,0.08146123379262529,0.03378589906246396,0.019577608676971843,1.584345238095238,50.0,14595000000.0,0.05752721654198167,1.5279791782859267,0.10445160934309791,13.440779610194902,7.293853073463269,Post-Crisis Recovery
2012,CVX,Chevron,Energy,241909000000.0,46332000000.0,8456000000.0,26179000000.0,648000000.0,0.0,232982000000.0,136524000000.0,6086000000.0,55720000000.0,34212000000.0,20939000000.0,38812000000.0,30938000000.0,1965000000.0,8456000000.0,True,,0.03495529310608535,0.10821837963862443,0.03495529310608535,0.00267869322761865,0.19175383082827926,0.11236490372646814,0.059294579622747354,0.04457824265330638,0.02612218969705814,1.628668303519233,50.0,7874000000.0,0.03254942974424267,1.4825623591428243,0.12789106647541018,13.32264631043257,4.007124681933842,Post-Crisis Recovery
2013,CVX,Chevron,Energy,228848000000.0,35905000000.0,4672000000.0,21423000000.0,750000000.0,0.0,253753000000.0,149113000000.0,11960000000.0,50250000000.0,33018000000.0,16245000000.0,35002000000.0,37985000000.0,1932000000.0,4672000000.0,True,,0.020415297490037055,0.09361235405159757,0.020415297490037055,0.0032772844857722155,0.14366956603381328,0.08442461763998849,0.029005481986428515,0.08020762777222644,0.04713244769519966,1.5218971470107214,50.0,-2983000000.0,-0.013034852828078026,1.6338514680483593,0.16598353492274348,11.088509316770187,-1.5439958592132506,Post-Crisis Recovery
2014,CVX,Chevron,Energy,211970000000.0,31202000000.0,6296000000.0,19241000000.0,707000000.0,0.0,266026000000.0,155028000000.0,15960000000.0,42232000000.0,31926000000.0,12785000000.0,31475000000.0,35407000000.0,1898000000.0,6296000000.0,True,,0.029702316365523423,0.0907722790960985,0.029702316365523423,0.0033353776477803463,0.1241130634466032,0.07232751685925436,0.036821297400987205,0.10294914467064015,0.05999413591152745,1.322808995802794,50.0,-3932000000.0,-0.018549794782280513,1.6358297385790759,0.16703778836627825,10.137513171759748,-2.071654373024236,Low Rate Bull Market
2015,CVX,Chevron,Energy,138477000000.0,4842000000.0,-2877000000.0,4587000000.0,601000000.0,0.0,264540000000.0,152716000000.0,27071000000.0,34430000000.0,25467000000.0,11022000000.0,19456000000.0,29504000000.0,1875000000.0,-2877000000.0,True,,-0.020776013345176456,0.03312463441582356,-0.020776013345176456,0.004340070914303458,0.03003614552502685,0.017339532773871628,-0.01600226935206661,0.1772636789858299,0.10233235049519922,1.3519456551615816,-50.0,-10048000000.0,-0.07256078626775565,4.241552212775234,0.2130606526715628,2.4464,-5.358933333333334,Low Rate Bull Market
2016,CVX,Chevron,Energy,110215000000.0,50894000000.0,-4317000000.0,-497000000.0,476000000.0,201000000.0,260078000000.0,145556000000.0,32490000000.0,29619000000.0,31785000000.0,6988000000.0,12690000000.0,18109000000.0,1873000000.0,-4317000000.0,True,,-0.03916889715555959,-0.00450936805335027,-0.03916889715555959,0.004318831375039695,-0.003414493390859875,-0.0019109651719868654,-0.024246543028206193,0.22321305889142323,0.12492406124316552,0.9318546484190656,-21.47761194029851,-5419000000.0,-0.04916753617928594,-10.0,0.164306128929819,-0.2653497063534437,-2.8932194340630004,Low Rate Bull Market
2017,CVX,Chevron,Energy,134674000000.0,58909000000.0,-441000000.0,9195000000.0,433000000.0,307000000.0,253806000000.0,148124000000.0,30234000000.0,28560000000.0,27737000000.0,4813000000.0,20338000000.0,13404000000.0,1898000000.0,-441000000.0,True,,-0.0032745741568528447,0.06827598497111544,-0.0032745741568528447,0.0032151714510595957,0.062076368448057036,0.03622845795607669,-0.002472555197972617,0.2041127703815722,0.11912247937401008,1.0296715578469193,-1.4364820846905537,6934000000.0,0.05148729524629847,2.2118542686242524,0.0995292335565885,4.8445732349841935,3.6533192834562698,Low Rate Bull Market
2018,CVX,Chevron,Energy,158902000000.0,64324000000.0,4730000000.0,14824000000.0,453000000.0,748000000.0,253863000000.0,154554000000.0,23730000000.0,34021000000.0,27171000000.0,9342000000.0,30618000000.0,13792000000.0,1914000000.0,4730000000.0,True,,0.029766774489937194,0.0932902040251224,0.029766774489937194,0.0028508137090785517,0.09591469648148868,0.05839370053926724,0.026530703820870073,0.15353856904382934,0.09347561480010871,1.2521070258731737,6.323529411764706,16826000000.0,0.1058891643906307,2.0654344306529953,0.08679563504549974,7.745036572622779,8.791013584117032,Low Rate Bull Market
2019,CVX,Chevron,Energy,139865000000.0,59752000000.0,-5483000000.0,2924000000.0,500000000.0,798000000.0,237428000000.0,144213000000.0,18730000000.0,28329000000.0,26530000000.0,6911000000.0,27314000000.0,14116000000.0,1895000000.0,-5483000000.0,True,,-0.03920208772745147,0.02090587352089515,-0.03920208772745147,0.003574875773066886,0.020275564616227384,0.012315312431558199,-0.03364980391916191,0.12987733422090936,0.07888707313375003,1.0678100263852244,-6.870927318295739,13198000000.0,0.09436242090587352,9.341313269493844,0.10092589282522432,1.5430079155672822,6.964643799472295,Low Rate Bull Market
2020,CVX,Chevron,Energy,94471000000.0,42323000000.0,-5700000000.0,-5543000000.0,435000000.0,697000000.0,239790000000.0,131688000000.0,25676000000.0,26078000000.0,22183000000.0,5596000000.0,10577000000.0,8922000000.0,1870000000.0,-5700000000.0,True,,-0.060335976119655764,-0.05867409046162314,-0.060335976119655764,0.004604587651236888,-0.04209191422149323,-0.02311605988573335,-0.03622175338705168,0.19497600388797764,0.10707702573084782,1.175584907361493,-8.17790530846485,1655000000.0,0.017518603592636895,-1.9081724697817066,0.09444168051571382,-2.9641711229946526,0.8850267379679144,COVID Shock
2021,CVX,Chevron,Energy,155606000000.0,63357000000.0,9674000000.0,15625000000.0,268000000.0,712000000.0,239535000000.0,139067000000.0,25676000000.0,33738000000.0,26791000000.0,5640000000.0,29187000000.0,8056000000.0,1920000000.0,9674000000.0,True,,0.06216983920928499,0.10041386578923692,0.06216983920928499,0.0017222986260169916,0.11235591477489268,0.06523055085895589,0.05872176663044864,0.18463042993664924,0.1071910159266913,1.2593034974431712,13.587078651685394,21131000000.0,0.1357981054715114,1.867968,0.05177178257907793,8.138020833333334,11.005729166666667,COVID Rebound
2022,CVX,Chevron,Energy,235717000000.0,90301000000.0,21005000000.0,35465000000.0,268000000.0,516000000.0,257709000000.0,159282000000.0,21375000000.0,50343000000.0,34208000000.0,17678000000.0,49602000000.0,11974000000.0,1940000000.0,21005000000.0,True,,0.08911109508435963,0.15045584323574457,0.08911109508435963,0.0011369566047421272,0.22265541618010823,0.13761645887415652,0.11627005873007966,0.13419595434512374,0.08294238850796828,1.4716732927970066,40.707364341085274,37628000000.0,0.15963210120610732,1.3986183561257577,0.050798202929784445,18.280927835051546,19.395876288659792,Inflation & Rate Hikes
2023,CVX,Chevron,Energy,196913000000.0,77717000000.0,8565000000.0,21369000000.0,320000000.0,469000000.0,261632000000.0,160957000000.0,20307000000.0,41128000000.0,32258000000.0,8178000000.0,35609000000.0,15829000000.0,1880000000.0,8565000000.0,True,,0.043496366415625175,0.10852000629719724,0.043496366415625175,0.001625083158552254,0.13276216629286083,0.08167578889432485,0.0472515226410098,0.1261641307926962,0.07761665239726027,1.2749705499411,18.26226012793177,19780000000.0,0.1004504527380112,1.666385886096682,0.08038575411476134,11.366489361702127,10.52127659574468,Inflation & Rate Hikes
2024,CVX,Chevron,Energy,193414000000.0,74208000000.0,8056000000.0,17661000000.0,353000000.0,594000000.0,256938000000.0,152318000000.0,20135000000.0,40911000000.0,38558000000.0,8262000000.0,31492000000.0,16448000000.0,1817000000.0,8056000000.0,True,,0.04165158675173462,0.09131190089652248,0.04165158675173462,0.0018251005614898612,0.11594821360574588,0.06873642668659365,0.04671417719610561,0.13219054872044014,0.07836520872739727,1.0610249494268376,13.562289562289562,15044000000.0,0.0777813395100665,1.7831379876564182,0.0850403797036409,9.719867914144194,8.27958172812328,Normalization
2006,SLB,Schlumberger,Energy,,,,,,,,10421000000.0,,,,166000000.0,,,,,True,,,,,,,,,,,,,,,,,,,Pre-Crisis Buildup
2007,SLB,Schlumberger,Energy,23277000000.0,7796000000.0,,5177000000.0,728000000.0,275000000.0,,14938000000.0,,,,623000000.0,6287000000.0,2931000000.0,1239000000.0,,True,,,0.2224083859603901,,0.03127550801220089,0.3465658053286919,,,,,,,3356000000.0,0.14417665506723376,1.214409889897624,0.12591828843923186,4.178369652945924,2.70863599677159,Pre-Crisis Buildup
2008,SLB,Schlumberger,Energy,27163000000.0,8206000000.0,6852000000.0,5435000000.0,819000000.0,247000000.0,32094000000.0,16862000000.0,,12986000000.0,8175000000.0,609000000.0,6899000000.0,3723000000.0,1224000000.0,6852000000.0,True,,0.25225490557007696,0.20008835548356219,0.25225490557007696,0.030151308765600265,0.3223223816866327,0.16934629525768055,0.4063574902146839,,,1.5885015290519877,27.74089068825911,3176000000.0,0.11692375658064279,1.2693652253909844,0.13706144387586056,4.440359477124183,2.5947712418300655,Financial Crisis
2009,SLB,Schlumberger,Energy,22702000000.0,5457000000.0,3156000000.0,3134000000.0,802000000.0,221000000.0,33465000000.0,19120000000.0,,13650000000.0,7259000000.0,617000000.0,5311000000.0,2395000000.0,1194812901.0,3156000000.0,True,,0.1390185886706017,0.1380495110562946,0.1390185886706017,0.035327283939740994,0.1639121338912134,0.09365008217540714,0.16506276150627616,,,1.880424300867888,14.28054298642534,2916000000.0,0.12844683287816053,1.694639438417358,0.10549731301206942,2.623004821405088,2.4405494764573183,Financial Crisis
2010,SLB,Schlumberger,Energy,26672000000.0,5575000000.0,5132000000.0,4267000000.0,919000000.0,207000000.0,51767000000.0,31226000000.0,,18098000000.0,10865000000.0,1764000000.0,5509000000.0,2912000000.0,248000000.0,5132000000.0,True,,0.1924115176964607,0.15998050389922017,0.1924115176964607,0.03445560887822435,0.13664894639082817,0.08242702880213264,0.16435022096970472,,,1.665715600552232,24.792270531400966,2597000000.0,0.09736802639472106,1.2910710100773377,0.10917816436712657,17.205645161290324,10.471774193548388,Post-Crisis Recovery
2011,SLB,Schlumberger,Energy,36579000000.0,7777000000.0,6239000000.0,4997000000.0,1061000000.0,298000000.0,55201000000.0,31263000000.0,,20539000000.0,10538000000.0,1705000000.0,5880000000.0,4004000000.0,1333775406.0,6239000000.0,True,,0.17056234451461222,0.13660843653462368,0.17056234451461222,0.029005713660843653,0.1598375075968397,0.0905237223963334,0.19956498096791733,,,1.9490415638641108,20.936241610738254,1876000000.0,0.051286257142076054,1.1767060236141684,0.10946171300472948,3.7465078284701856,1.4065336574364755,Post-Crisis Recovery
2012,SLB,Schlumberger,Energy,41731000000.0,8846000000.0,6959000000.0,5490000000.0,1153000000.0,340000000.0,61547000000.0,34751000000.0,,24156000000.0,12368000000.0,1905000000.0,6543000000.0,4694000000.0,1328255773.0,6959000000.0,True,,0.16675852483765066,0.1315568761831732,0.16675852483765066,0.027629340298578994,0.1579810652930851,0.08920012348286675,0.20025323012287416,,,1.953104786545925,20.46764705882353,1849000000.0,0.04430758908245669,1.1918032786885246,0.11248232728666938,4.13324008191606,1.3920511678438607,Post-Crisis Recovery
2013,SLB,Schlumberger,Energy,45266000000.0,9935000000.0,9344000000.0,6732000000.0,1174000000.0,391000000.0,67100000000.0,39469000000.0,10393000000.0,26225000000.0,13525000000.0,3472000000.0,9788000000.0,3943000000.0,1307330369.0,9344000000.0,True,,0.20642424777979057,0.14872089426942958,0.20642424777979057,0.025935580789113243,0.17056424028984773,0.10032786885245902,0.18739721631703501,0.2633205807089108,0.15488822652757078,1.9390018484288354,23.89769820971867,5845000000.0,0.12912561304290196,1.4539512774806893,0.08710732116820571,5.149425240652388,4.470943335058409,Post-Crisis Recovery
2014,SLB,Schlumberger,Energy,,836000000.0,10576000000.0,5438000000.0,1217000000.0,369000000.0,66904000000.0,37850000000.0,10565000000.0,24694000000.0,14176000000.0,3130000000.0,11195000000.0,3976000000.0,1275312404.0,10576000000.0,True,,,,,,0.14367239101717305,0.08128064091833075,0.21844469689145926,0.27912813738441217,0.1579128303240464,1.7419582392776525,28.661246612466126,7219000000.0,,2.058661272526664,,4.264053249183327,5.66057381497875,Low Rate Bull Market
2015,SLB,Schlumberger,Energy,,677000000.0,6510000000.0,2072000000.0,1094000000.0,346000000.0,68005000000.0,35633000000.0,14442000000.0,26912000000.0,14121000000.0,,8805000000.0,2410000000.0,1256367980.0,6510000000.0,True,,,,,,0.0581483456346645,0.03046834791559444,0.13000499251123315,0.4052984592933517,0.21236673773987208,1.9058140358331563,18.815028901734102,6395000000.0,,4.249517374517374,,1.6491983503113474,5.090069232741827,Low Rate Bull Market
2016,SLB,Schlumberger,Energy,27810000000.0,20753000000.0,3273000000.0,-1687000000.0,1012000000.0,570000000.0,77956000000.0,41078000000.0,16463000000.0,23927000000.0,15059000000.0,,6261000000.0,2055000000.0,1391475510.0,3273000000.0,True,,0.11769147788565264,-0.0606616325062927,0.11769147788565264,0.036389787846098524,-0.04106821169482448,-0.02164041254040741,0.05688118037573209,0.40077413700764397,0.21118323156652472,1.5888837240188591,5.742105263157895,4206000000.0,0.1512405609492988,-3.7113218731475994,0.07389428263214672,-1.212382099344314,3.0226906400961377,Low Rate Bull Market
2017,SLB,Schlumberger,Energy,30440000000.0,22103000000.0,3921000000.0,-1505000000.0,787000000.0,566000000.0,71987000000.0,36842000000.0,14875000000.0,18497000000.0,15282000000.0,,5663000000.0,2107000000.0,1383932776.0,3921000000.0,True,,0.1288107752956636,-0.049441524310118265,0.1288107752956636,0.02585413929040736,-0.04085011671461918,-0.020906552571992164,0.07581646267184872,0.4037511535747245,0.2066345312348063,1.2103782227457138,6.927561837455831,3556000000.0,0.11681997371879106,-3.7627906976744185,0.06921813403416557,-1.0874805670474272,2.569488967721363,Low Rate Bull Market
2018,SLB,Schlumberger,Energy,32815000000.0,,4187000000.0,2138000000.0,702000000.0,575000000.0,70507000000.0,36162000000.0,14644000000.0,15731000000.0,13486000000.0,,5713000000.0,2160000000.0,1382964324.0,4187000000.0,True,,0.12759408806948042,0.06515313119000457,0.12759408806948042,0.021392655797653513,0.059122836126320445,0.030323230317557123,0.08241152619769318,0.40495547812620986,0.20769568978966627,1.1664689307429927,7.281739130434783,3553000000.0,0.10827365534054548,2.6721234798877456,0.06582355630047235,1.5459545578270464,2.5691190570437303,Low Rate Bull Market
2019,SLB,Schlumberger,Energy,32917000000.0,,3978000000.0,-10137000000.0,717000000.0,609000000.0,56312000000.0,23760000000.0,14770000000.0,15530000000.0,13098000000.0,,5431000000.0,1724000000.0,1384515345.0,3978000000.0,True,,0.12084940911990764,-0.3079563751253152,0.12084940911990764,0.021782057903211107,-0.42664141414141415,-0.18001491689160393,0.10324422527900337,0.6216329966329966,0.26228867736894446,1.1856772026263551,6.532019704433497,3707000000.0,0.11261658109791294,-0.5357600868106935,0.052374153173132425,-7.321695665279896,2.6774712273051766,Low Rate Bull Market
2020,SLB,Schlumberger,Energy,23601000000.0,,2401000000.0,-10518000000.0,580000000.0,563000000.0,42434000000.0,12071000000.0,16036000000.0,12919000000.0,10491000000.0,,2944000000.0,1116000000.0,1392325960.0,2401000000.0,True,,0.10173297741621118,-0.44565908224227785,0.10173297741621118,0.024575229863141392,-0.8713445447767376,-0.24786727624075033,0.08542355996726794,1.3284732002319608,0.37790451053400576,1.2314364693546849,4.264653641207815,1828000000.0,0.07745434515486632,-0.2799011218862902,0.04728613194356172,-7.55426552558138,1.3129109508236132,COVID Shock
2021,SLB,Schlumberger,Energy,22929000000.0,,3365000000.0,1881000000.0,554000000.0,539000000.0,41511000000.0,15004000000.0,13286000000.0,12654000000.0,10359000000.0,,4651000000.0,1141000000.0,1403381685.0,3365000000.0,True,,0.14675738148196607,0.08203584979720005,0.14675738148196607,0.024161542151860088,0.125366568914956,0.045313290453132905,0.11894662424885119,0.8854972007464676,0.32005974320059744,1.2215464813205907,6.2430426716141,3510000000.0,0.15308125081774174,2.472620946305157,0.049762309738758774,1.3403338664776718,2.5011014733315404,COVID Rebound
2022,SLB,Schlumberger,Energy,28091000000.0,,5011000000.0,3441000000.0,634000000.0,490000000.0,43135000000.0,17685000000.0,10594000000.0,15003000000.0,12018000000.0,,3720000000.0,1618000000.0,1420000000.0,5011000000.0,True,,0.1783845359723755,0.12249474920793137,0.1783845359723755,0.022569506247552596,0.19457167090754876,0.07977280630578416,0.17719862795714134,0.5990387333898785,0.24560102005332096,1.2483774338492262,10.226530612244899,2102000000.0,0.07482823680182264,1.0810810810810811,0.05759851909864369,2.4232394366197183,1.480281690140845,Inflation & Rate Hikes
2023,SLB,Schlumberger,Energy,33135000000.0,,6523000000.0,4203000000.0,711000000.0,503000000.0,47957000000.0,20189000000.0,10842000000.0,17718000000.0,13395000000.0,,6637000000.0,1939000000.0,1427000000.0,6523000000.0,True,,0.19686132488305416,0.12684472612041647,0.19686132488305416,0.02145767315527388,0.20818267373322105,0.08764101173968347,0.21020914569301666,0.5370251126851255,0.22607752778530768,1.3227323628219485,12.968190854870775,4698000000.0,0.14178361249434132,1.5791101594099453,0.05851818318998038,2.9453398738612475,3.292221443587947,Inflation & Rate Hikes
2024,SLB,Schlumberger,Energy,36289000000.0,,5672000000.0,4461000000.0,749000000.0,512000000.0,48935000000.0,21130000000.0,11023000000.0,18570000000.0,12811000000.0,,6602000000.0,1931000000.0,1400850420.0,5672000000.0,True,,0.15630080740720328,0.12292981344208989,0.15630080740720328,0.020639863319463197,0.21112162801703738,0.09116174517216716,0.1764065561533916,0.5216753431140558,0.2252579952998876,1.4495355553820934,11.078125,4671000000.0,0.12871669100829453,1.4799372338040797,0.05321171704924357,3.1844941731894543,3.3344031120753064,Normalization
2006,XOM,ExxonMobil,Energy,,,,,,,,117648000000.0,,,,28244000000.0,,,,,True,,,,,,,,,,,,,,,,,,,Pre-Crisis Buildup
2007,XOM,ExxonMobil,Energy,,,,40610000000.0,,400000000.0,,126044000000.0,,,,33981000000.0,52002000000.0,15387000000.0,,,True,,,,,,0.3221890768303132,,,,,,,36615000000.0,,1.2805220389066732,,,,Pre-Crisis Buildup
2008,XOM,ExxonMobil,Energy,,,10152000000.0,45220000000.0,847000000.0,673000000.0,228052000000.0,112965000000.0,7025000000.0,72266000000.0,49100000000.0,31437000000.0,59725000000.0,19318000000.0,8019000000.0,10152000000.0,True,,,,,,0.400300978179082,0.19828810972935998,0.08460705058754896,0.06218740317797548,0.03080437794888885,1.4718126272912424,15.084695393759286,40407000000.0,,1.320765148164529,,5.639107120588602,5.03890759446315,Financial Crisis
2009,XOM,ExxonMobil,Energy,301500000000.0,25691000000.0,34777000000.0,19280000000.0,1050000000.0,548000000.0,233323000000.0,110569000000.0,7129000000.0,55235000000.0,52061000000.0,10693000000.0,28438000000.0,22491000000.0,8019000000.0,34777000000.0,True,,0.11534660033167496,0.0639469320066335,0.11534660033167496,0.003482587064676617,0.1743707549132216,0.0826322308559379,0.2954765586501045,0.06447557633694796,0.03055421025788285,1.0609669426249977,50.0,5947000000.0,0.019724709784411276,1.475,0.07459701492537313,2.404289811697219,0.7416136675395935,Financial Crisis
2010,XOM,ExxonMobil,Energy,370125000000.0,39863000000.0,52959000000.0,30460000000.0,1012000000.0,259000000.0,302510000000.0,146839000000.0,12227000000.0,58984000000.0,62633000000.0,7825000000.0,48413000000.0,26871000000.0,8019000000.0,52959000000.0,True,,0.14308409321175278,0.08229652144545761,0.14308409321175278,0.002734211415062479,0.2074380784396516,0.10069088625169416,0.3329372713213383,0.08326806910970519,0.04041849856203101,0.9417399773282455,50.0,21542000000.0,0.05820195879770348,1.5893959290873276,0.07259979736575481,3.7984786132934283,2.6863698715550566,Post-Crisis Recovery
2011,XOM,ExxonMobil,Energy,467029000000.0,53857000000.0,73257000000.0,41060000000.0,1044000000.0,247000000.0,331052000000.0,154396000000.0,9322000000.0,72963000000.0,77505000000.0,12664000000.0,55345000000.0,30975000000.0,4875000000.0,73257000000.0,True,,0.15685749707191632,0.08791745266353909,0.15685749707191632,0.0022354072231060597,0.26593953211223087,0.12402885347317037,0.4474584346253924,0.06037721184486645,0.028158718267824994,0.9413973292045674,50.0,24370000000.0,0.05218091381905621,1.3479055041402825,0.06632350453612089,8.422564102564102,4.998974358974359,Post-Crisis Recovery
2012,XOM,ExxonMobil,Energy,451509000000.0,49554000000.0,78726000000.0,44880000000.0,1042000000.0,327000000.0,333795000000.0,165863000000.0,7500000000.0,64460000000.0,64139000000.0,9582000000.0,56170000000.0,34271000000.0,4502000000.0,78726000000.0,True,,0.17436197285103952,0.0994000119598945,0.17436197285103952,0.002307816676965465,0.270584759711328,0.13445378151260504,0.4541107387389466,0.04521804139560963,0.02246888060036849,1.005004755297089,50.0,21899000000.0,0.048501801735956536,1.2515597147950088,0.07590324888318949,9.968902709906708,4.864282541092847,Post-Crisis Recovery
2013,XOM,ExxonMobil,Energy,420836000000.0,40292000000.0,57711000000.0,32580000000.0,1044000000.0,9000000.0,346808000000.0,174003000000.0,6500000000.0,59308000000.0,71724000000.0,4644000000.0,44914000000.0,33669000000.0,4335000000.0,57711000000.0,True,,0.13713418053588572,0.0774173312169111,0.13713418053588572,0.0024807763594369304,0.18723815106636094,0.09394246960854422,0.3197232178966555,0.03735567777567053,0.018742358884454798,0.8268919747922592,50.0,11245000000.0,0.02672062276041023,1.3785758133824433,0.08000503759184101,7.515570934256055,2.594002306805075,Post-Crisis Recovery
2014,XOM,ExxonMobil,Energy,394105000000.0,33796000000.0,51630000000.0,32520000000.0,971000000.0,286000000.0,349493000000.0,174399000000.0,11300000000.0,52910000000.0,64633000000.0,4616000000.0,45116000000.0,32952000000.0,4201000000.0,51630000000.0,True,,0.1310056964514533,0.08251608073990434,0.1310056964514533,0.002463810405856307,0.18646895911100408,0.09304907394425639,0.2780305763628237,0.0647939495065912,0.03233255029428343,0.8186220661272106,50.0,12164000000.0,0.030864871036906407,1.387330873308733,0.08361223531799901,7.741014044275173,2.89550107117353,Low Rate Bull Market
2015,XOM,ExxonMobil,Energy,239854000000.0,12572000000.0,21966000000.0,16150000000.0,1008000000.0,311000000.0,336758000000.0,170811000000.0,18700000000.0,42623000000.0,53976000000.0,3705000000.0,30344000000.0,26490000000.0,4156000000.0,21966000000.0,True,,0.0915807115995564,0.06733262734830354,0.0915807115995564,0.0042025565552377695,0.09454894591097764,0.04795728683505663,0.11590883906475086,0.10947772684428989,0.05552949001953925,0.7896657773825404,50.0,3854000000.0,0.016068108099093616,1.8788854489164086,0.11044218566294496,3.885948026948989,0.9273339749759384,Low Rate Bull Market
2016,XOM,ExxonMobil,Energy,200628000000.0,483000000.0,7969000000.0,7840000000.0,1058000000.0,453000000.0,330314000000.0,167325000000.0,27700000000.0,41416000000.0,47638000000.0,3657000000.0,22082000000.0,16163000000.0,4148000000.0,7969000000.0,True,,0.03972027832605619,0.039077297286520325,0.03972027832605619,0.005273441394022769,0.04685492305393695,0.023734991553491527,0.04086142802204846,0.16554609293291497,0.08385960025914736,0.8693899827868509,17.591611479028696,5919000000.0,0.029502362581494107,2.8165816326530613,0.08056203520944236,1.8900675024108005,1.4269527483124398,Low Rate Bull Market
2017,XOM,ExxonMobil,Energy,237162000000.0,11473000000.0,18674000000.0,19710000000.0,1063000000.0,601000000.0,348691000000.0,187688000000.0,23100000000.0,47134000000.0,57771000000.0,3177000000.0,30066000000.0,15402000000.0,4239000000.0,18674000000.0,True,,0.0787394270582977,0.08310774913350367,0.0787394270582977,0.004482168306895708,0.10501470525553046,0.056525691801623784,0.08859138091352449,0.12307659520054559,0.06624776664726076,0.8158764778175901,31.071547420965057,14664000000.0,0.06183115338882283,1.5254185692541857,0.06494295038834215,4.649681528662421,3.45930644019816,Low Rate Bull Market
2018,XOM,ExxonMobil,Energy,279332000000.0,20073000000.0,30953000000.0,20840000000.0,1116000000.0,766000000.0,346196000000.0,191794000000.0,20538000000.0,47973000000.0,57138000000.0,3042000000.0,36014000000.0,19574000000.0,4237000000.0,30953000000.0,True,,0.11081079145962511,0.0746065613678347,0.11081079145962511,0.003995245800695946,0.10865824791182206,0.06019711377370045,0.14577642559764897,0.10708364182404037,0.05932477556066506,0.8395988659036018,40.40861618798956,16440000000.0,0.058854696203800495,1.7281190019193857,0.0700743201638194,4.9185744630634884,3.8801038470616,Low Rate Bull Market
2019,XOM,ExxonMobil,Energy,255583000000.0,10701000000.0,20056000000.0,14340000000.0,1214000000.0,830000000.0,362597000000.0,191650000000.0,26342000000.0,50052000000.0,63989000000.0,3089000000.0,29716000000.0,24361000000.0,4234000000.0,20056000000.0,True,,0.07847157283543897,0.056107018072407006,0.07847157283543897,0.004749924682001541,0.07482389773023741,0.03954803818012835,0.09200337627068883,0.13744847378032873,0.07264814656491918,0.7821969400990795,24.163855421686748,5355000000.0,0.02095209775298044,2.0722454672245467,0.0953154161270507,3.386868209730751,1.2647614548889938,Low Rate Bull Market
2020,XOM,ExxonMobil,Energy,178574000000.0,-31811000000.0,-28883000000.0,-22440000000.0,1016000000.0,1158000000.0,332750000000.0,157150000000.0,47182000000.0,44893000000.0,56363000000.0,4364000000.0,14668000000.0,17282000000.0,4233000000.0,-28883000000.0,True,,-0.16174247090841892,-0.1256621904644573,-0.16174247090841892,0.0056895180709397785,-0.142793509385937,-0.06743801652892562,-0.14135328778654346,0.3002354438434617,0.14179413974455296,0.7964977023934141,-24.942141623488773,-2614000000.0,-0.014638189210075375,-0.6536541889483066,0.09677780639958784,-5.301204819277109,-0.6175289392865579,COVID Shock
2021,XOM,ExxonMobil,Energy,276692000000.0,22286000000.0,31234000000.0,23040000000.0,843000000.0,947000000.0,338923000000.0,168577000000.0,43428000000.0,59154000000.0,56643000000.0,6802000000.0,48129000000.0,12076000000.0,4239000000.0,31234000000.0,True,,0.11288363957035259,0.08326948375811372,0.11288363957035259,0.003046708976045567,0.13667344892838287,0.06798004266455802,0.1473267139925945,0.25761521441240504,0.12813529916824765,1.0443302791165723,32.98204857444562,36053000000.0,0.13030011709771153,2.0889322916666666,0.04364419643502523,5.435244161358811,8.505071950931823,COVID Rebound
2022,XOM,ExxonMobil,Energy,413680000000.0,77753000000.0,77753000000.0,55740000000.0,824000000.0,798000000.0,369067000000.0,195049000000.0,40559000000.0,97631000000.0,69045000000.0,29640000000.0,76797000000.0,18407000000.0,4082000000.0,77753000000.0,True,,0.18795445755173082,0.13474182943337845,0.18795445755173082,0.001991877779926513,0.2857743438828192,0.151029487870766,0.33001001663780516,0.2079426195468831,0.1098960351372515,1.414019842131943,50.0,58390000000.0,0.14114774705086056,1.3777717976318622,0.04449574550377103,13.655071043606075,14.304262616364527,Inflation & Rate Hikes
2023,XOM,ExxonMobil,Energy,344582000000.0,52783000000.0,52783000000.0,36010000000.0,900000000.0,849000000.0,376317000000.0,204802000000.0,37483000000.0,96609000000.0,65316000000.0,31539000000.0,55369000000.0,21919000000.0,3971000000.0,52783000000.0,True,,0.15317979464974954,0.10450342734095222,0.15317979464974954,0.0026118601668108027,0.17582836105116162,0.0956906012749889,0.21785500546876613,0.18302067362623411,0.09960485441795082,1.4791015983832445,50.0,33450000000.0,0.0970741361998015,1.537600666481533,0.0636104033292511,9.068244774615966,8.42357088894485,Inflation & Rate Hikes
2024,XOM,ExxonMobil,Energy,349585000000.0,48873000000.0,48873000000.0,33680000000.0,1000000000.0,996000000.0,453475000000.0,263705000000.0,36755000000.0,91990000000.0,70307000000.0,23029000000.0,55022000000.0,24306000000.0,4353000000.0,48873000000.0,True,,0.1398029091637227,0.09634280647052934,0.1398029091637227,0.0028605346339230803,0.12771847329402172,0.07427090798831247,0.16266058709978035,0.13937923057962495,0.08105187717073709,1.3084045685351386,49.06927710843374,30716000000.0,0.08786418181558134,1.6336698337292161,0.06952815481213438,7.73719274063864,7.056283023202389,Normalization
2006,JNJ,Johnson & Johnson,Healthcare,,,,,,,,39318000000.0,,,,4083000000.0,,,,,True,,,,,,,,,,,,,,,,,,,Pre-Crisis Buildup
2007,JNJ,Johnson & Johnson,Healthcare,61095000000.0,43344000000.0,13283000000.0,10576000000.0,7680000000.0,296000000.0,,43319000000.0,,,,7770000000.0,15022000000.0,2942000000.0,2910700000.0,13283000000.0,True,0.7094524920206237,0.21741550045011868,0.17310745560193141,0.21741550045011868,0.125705867910631,0.2441422932200651,,0.30663219372561695,,,,44.875,12080000000.0,0.19772485473443,1.4203857791225416,0.04815451346264015,3.6334902257188992,4.150204418181193,Pre-Crisis Buildup
2008,JNJ,Johnson & Johnson,Healthcare,63747000000.0,45236000000.0,6579000000.0,12949000000.0,7577000000.0,435000000.0,84912000000.0,42511000000.0,8120000000.0,34377000000.0,20852000000.0,10768000000.0,14972000000.0,3066000000.0,2835600000.0,6579000000.0,True,0.7096177074999608,0.10320485669913879,0.2031311277393446,0.10320485669913879,0.11886049539586177,0.3046035143845122,0.15249905784812512,0.12994015524086033,0.19100938580602667,0.09562841530054644,1.6486188375215807,15.124137931034483,11906000000.0,0.18676957347012407,1.1562282801760753,0.04809638100616499,4.566582028494851,4.198758640146706,Financial Crisis
2009,JNJ,Johnson & Johnson,Healthcare,,10775000000.0,4643000000.0,3507000000.0,,,,,,,,,,,,4643000000.0,True,,,,,,,,,,,,,,,,,,,Financial Crisis
2010,JNJ,Johnson & Johnson,Healthcare,61897000000.0,43450000000.0,16582000000.0,4526000000.0,6986000000.0,451000000.0,94682000000.0,50588000000.0,8257000000.0,39541000000.0,21731000000.0,15810000000.0,16571000000.0,2365000000.0,2789100000.0,16582000000.0,True,0.7019726319530833,0.267896667043637,0.07312147600045237,0.267896667043637,0.11286492075544857,0.08946785799003716,0.04780211655858558,0.28179114623162543,0.16322052660710049,0.08720770579413194,1.8195665178776863,36.76718403547672,14206000000.0,0.22951031552417725,3.661290322580645,0.03820863692909188,1.6227456885733749,5.093399304435122,Post-Crisis Recovery
2011,JNJ,Johnson & Johnson,Healthcare,61587000000.0,42795000000.0,17700000000.0,13334000000.0,6844000000.0,455000000.0,102908000000.0,56579000000.0,9169000000.0,47307000000.0,23072000000.0,19355000000.0,16385000000.0,2384000000.0,2788800000.0,17700000000.0,True,0.6948706707584393,0.28739831457937554,0.2165067303164629,0.28739831457937554,0.1111273483040252,0.23567047844606656,0.12957204493333851,0.26920970980105857,0.16205659343572704,0.08909900104948108,2.050407420249653,38.9010989010989,14001000000.0,0.22733693799016025,1.228813559322034,0.038709467907188204,4.78126792885829,5.020438898450947,Post-Crisis Recovery
2012,JNJ,Johnson & Johnson,Healthcare,67224000000.0,45566000000.0,14955000000.0,10853000000.0,7665000000.0,532000000.0,121347000000.0,64826000000.0,11489000000.0,46116000000.0,24262000000.0,14911000000.0,15396000000.0,2934000000.0,2812600000.0,14955000000.0,True,0.6778233964060455,0.22246519100321313,0.16144531714863739,0.22246519100321313,0.11402177793645127,0.16741739425539134,0.08943772816798108,0.1959640961803053,0.17722827260667015,0.094678896058411,1.9007501442585113,28.110902255639097,12462000000.0,0.18538022134951804,1.4185939371602323,0.04364512674044984,3.858707245964588,4.4307757946384125,Post-Crisis Recovery
2013,JNJ,Johnson & Johnson,Healthcare,71312000000.0,48970000000.0,16412000000.0,13831000000.0,8183000000.0,482000000.0,132683000000.0,74053000000.0,13328000000.0,56407000000.0,25675000000.0,20927000000.0,17414000000.0,3595000000.0,2877000000.0,16412000000.0,True,0.6867006955351133,0.23014359434597262,0.19395052726048911,0.23014359434597262,0.11474927080996186,0.18677163653059295,0.104240935161249,0.18782115105114383,0.17997920408356177,0.10044994460480997,2.1969620253164557,34.04979253112033,13819000000.0,0.19378225263630244,1.2590557443424193,0.05041227282925735,4.807438303788668,4.803267292318387,Post-Crisis Recovery
2014,JNJ,Johnson & Johnson,Healthcare,74331000000.0,51585000000.0,21590000000.0,16323000000.0,8494000000.0,533000000.0,130358000000.0,69752000000.0,15122000000.0,55744000000.0,25031000000.0,14523000000.0,18710000000.0,3714000000.0,2863900000.0,21590000000.0,True,0.6939903943173104,0.29045754799478013,0.21959882148767002,0.29045754799478013,0.11427264532967403,0.23401479527468746,0.12521671090381872,0.2543770766076773,0.21679665099208625,0.11600362079810982,2.226998521832927,40.50656660412758,14996000000.0,0.20174624315561476,1.1462353733994977,0.04996569399039432,5.699570515730298,5.2362163483361845,Low Rate Bull Market
2015,JNJ,Johnson & Johnson,Healthcare,,12092000000.0,5575000000.0,4320000000.0,,,,,,,,,,,,5575000000.0,True,,,,,,,,,,,,,,,,,,,Low Rate Bull Market
2016,JNJ,Johnson & Johnson,Healthcare,70074000000.0,48538000000.0,8179000000.0,15409000000.0,9046000000.0,552000000.0,133411000000.0,71150000000.0,12857000000.0,60210000000.0,27747000000.0,13732000000.0,19569000000.0,3463000000.0,2812900000.0,8179000000.0,True,0.6926677512344094,0.11671946799098096,0.21989610982675456,0.11671946799098096,0.12909210263435797,0.21657062543921293,0.1155002211211969,0.09736093420786363,0.1807027406886859,0.09637136368065602,2.1699643204670775,14.817028985507246,16106000000.0,0.22984273767731256,1.2699720942306445,0.04941918543254274,5.477976465569341,5.72576344697643,Low Rate Bull Market
2017,JNJ,Johnson & Johnson,Healthcare,76450000000.0,51011000000.0,4865000000.0,1300000000.0,10594000000.0,934000000.0,157303000000.0,60160000000.0,30675000000.0,43088000000.0,30537000000.0,18972000000.0,21056000000.0,3279000000.0,2745300000.0,4865000000.0,True,0.6672465663832571,0.06363636363636363,0.017004578155657292,0.06363636363636363,0.1385742315238718,0.02160904255319149,0.008264305194433672,0.053558650299994494,0.5098902925531915,0.1950058167994253,1.4110095949176409,5.208779443254818,17777000000.0,0.2325310660562459,10.0,0.04289077828646174,0.47353658980803554,6.475430736167268,Low Rate Bull Market
2018,JNJ,Johnson & Johnson,Healthcare,81581000000.0,54490000000.0,5575000000.0,15297000000.0,10775000000.0,1005000000.0,152954000000.0,59752000000.0,27684000000.0,46033000000.0,31230000000.0,18107000000.0,22201000000.0,3670000000.0,2728700000.0,5575000000.0,True,0.6679251296257707,0.0683369902305684,0.18750689498780354,0.0683369902305684,0.13207732192544833,0.25600816709064134,0.10001046066137531,0.06376092227457798,0.4633150354799839,0.18099559344639565,1.4739993595901377,5.54726368159204,18531000000.0,0.22714847819958078,1.4513303262077533,0.04498596486927103,5.605966211016235,6.791145966943966,Low Rate Bull Market
2019,JNJ,Johnson & Johnson,Healthcare,82059000000.0,54503000000.0,17328000000.0,15119000000.0,11355000000.0,318000000.0,157728000000.0,59471000000.0,26494000000.0,45274000000.0,35964000000.0,17305000000.0,23416000000.0,3498000000.0,2684300000.0,17328000000.0,True,0.6641928368612827,0.21116513727927466,0.1842454819093579,0.21116513727927466,0.1383760465031258,0.2542247481966,0.09585488942990465,0.20157040656080963,0.4454944426695364,0.1679727125177521,1.2588699810922033,50.0,19918000000.0,0.2427277934169317,1.5487796811958463,0.04262786531641868,5.6323808814216,7.4201840330812505,Low Rate Bull Market
2021,JNJ,Johnson & Johnson,Healthcare,82584000000.0,54157000000.0,16497000000.0,14714000000.0,12159000000.0,201000000.0,174894000000.0,63278000000.0,34434000000.0,51237000000.0,42493000000.0,13985000000.0,23536000000.0,3347000000.0,2670700000.0,16497000000.0,True,0.6557807807807807,0.19976024411508284,0.17817010558946042,0.19976024411508284,0.14723190932868352,0.23252947311861943,0.08413095932393336,0.16883289667594564,0.5441701697272354,0.1968849703248825,1.205775068834867,50.0,20189000000.0,0.24446624043398238,1.599565040097866,0.04052843165746391,5.509417006777249,7.559441344965739,COVID Rebound
2022,JNJ,Johnson & Johnson,Healthcare,78740000000.0,55338000000.0,19178000000.0,20878000000.0,0.0,183000000.0,182018000000.0,74023000000.0,32116000000.0,60979000000.0,45226000000.0,14487000000.0,23410000000.0,3652000000.0,2674000000.0,19178000000.0,True,0.7027940055880112,0.24356108712217425,0.2651511303022606,0.24356108712217425,0.0,0.28204747173175904,0.1147029414673274,0.18068758891642092,0.43386515002093945,0.17644408794734587,1.3483173395834254,50.0,19758000000.0,0.2509271018542037,1.121275984289683,0.04638049276098552,7.807778608825729,7.388930441286462,Inflation & Rate Hikes
2023,JNJ,Johnson & Johnson,Healthcare,85159000000.0,58606000000.0,15062000000.0,35153000000.0,483000000.0,276000000.0,167558000000.0,76804000000.0,27350000000.0,53495000000.0,46282000000.0,21859000000.0,22791000000.0,4543000000.0,2560400000.0,15062000000.0,True,0.6881950234267664,0.1768691506476121,0.41279254101151963,0.1768691506476121,0.005671743444615366,0.4576975157543878,0.20979601093352748,0.14461278491464563,0.35610124472683713,0.16322706167416656,1.1558489261483946,50.0,18248000000.0,0.2142815204499818,0.6483372685119335,0.05334726805152714,13.729495391345102,7.1270114044680515,Inflation & Rate Hikes
2024,JNJ,Johnson & Johnson,Healthcare,88821000000.0,61350000000.0,16687000000.0,14066000000.0,1841000000.0,755000000.0,180104000000.0,71490000000.0,32400000000.0,55893000000.0,50321000000.0,24105000000.0,24266000000.0,4424000000.0,2429400000.0,16687000000.0,True,0.6907150336069173,0.18787223742133055,0.1583634500850024,0.18787223742133055,0.020727080307584918,0.19675479087984332,0.07809932039266201,0.16062181153142746,0.45321023919429293,0.1798960600541909,1.1107291190556627,22.101986754966887,19842000000.0,0.2233931164927213,1.7251528508460117,0.04980804089123068,5.789906972915123,8.167448752778464,Normalization
2006,PFE,Pfizer,Healthcare,,,,,,,,71432000000.0,,,,1827000000.0,,,,,True,,,,,,,,,,,,,,,,,,,Pre-Crisis Buildup
2007,PFE,Pfizer,Healthcare,48418000000.0,37179000000.0,9278000000.0,8144000000.0,8089000000.0,,,65124000000.0,,,,3406000000.0,13353000000.0,1880000000.0,6939000000.0,9278000000.0,True,0.7678755834606964,0.191622950142509,0.16820190838118054,0.191622950142509,0.16706596720228015,0.12505374362754132,,0.14246667895092438,,,,,11473000000.0,0.2369573299186253,1.6396119842829076,0.03882853484241398,1.1736561464187922,1.653408272085315,Pre-Crisis Buildup
2008,PFE,Pfizer,Healthcare,48296000000.0,40184000000.0,9694000000.0,8104000000.0,7945000000.0,516000000.0,111148000000.0,57556000000.0,7963000000.0,43076000000.0,27009000000.0,2122000000.0,18238000000.0,1701000000.0,6750000000.0,9694000000.0,True,0.8320357793606096,0.2007205565678317,0.16779857545138313,0.2007205565678317,0.16450637733973827,0.14080200152894573,0.0729117932846295,0.14795708115203224,0.13835221349642088,0.07164321445280167,1.594875782146692,18.786821705426355,16537000000.0,0.34240930925956603,2.2504935834155972,0.035220308100049696,1.2005925925925927,2.449925925925926,Financial Crisis
2009,PFE,Pfizer,Healthcare,49269000000.0,40810000000.0,10674000000.0,8635000000.0,7824000000.0,1232000000.0,212949000000.0,90014000000.0,43193000000.0,61670000000.0,37225000000.0,1978000000.0,16587000000.0,1205000000.0,7045000000.0,10674000000.0,True,0.8283098906005805,0.2166473847652682,0.17526233534271043,0.2166473847652682,0.1588016805699324,0.09592952207434399,0.040549615166072625,0.08013092405053789,0.4798475792654476,0.20283260311154314,1.6566823371390196,8.66396103896104,15382000000.0,0.3122044287483001,1.920903300521135,0.024457569668554262,1.2256919801277502,2.183392476933996,Financial Crisis
2010,PFE,Pfizer,Healthcare,65165000000.0,50377000000.0,9471000000.0,8257000000.0,9483000000.0,1797000000.0,195014000000.0,87813000000.0,38410000000.0,61013000000.0,28636000000.0,1735000000.0,11454000000.0,1513000000.0,8074000000.0,9471000000.0,True,0.7730683649198189,0.14533875546689173,0.12670912299547302,0.14533875546689173,0.1455229033990639,0.09402935783995536,0.04234054990923729,0.07503386862933063,0.4374067620967283,0.1969602182407417,2.130639754155608,5.270450751252087,9941000000.0,0.1525512161436354,1.3871866295264623,0.023217985114708815,1.022665345553629,1.23123606638593,Post-Crisis Recovery
2011,PFE,Pfizer,Healthcare,61035000000.0,48535000000.0,11481000000.0,10009000000.0,8681000000.0,1681000000.0,188002000000.0,82190000000.0,34926000000.0,60817000000.0,28909000000.0,3182000000.0,20240000000.0,1660000000.0,7870000000.0,11481000000.0,True,0.7951994757106579,0.188105185549275,0.16398787580896207,0.188105185549275,0.14222986810846236,0.12177880520744616,0.05323879533196455,0.09803101198811434,0.42494220708115343,0.18577461941894235,2.1037393199349683,6.829863176680547,18580000000.0,0.3044154993036782,2.0221800379658306,0.02719750962562464,1.2717916137229988,2.360864040660737,Post-Crisis Recovery
2012,PFE,Pfizer,Healthcare,54657000000.0,44836000000.0,11242000000.0,14570000000.0,7482000000.0,1522000000.0,185798000000.0,81260000000.0,31036000000.0,64831000000.0,29186000000.0,10081000000.0,16746000000.0,1327000000.0,7508000000.0,11242000000.0,True,0.8203157875477981,0.2056827121869111,0.2665715278921273,0.2056827121869111,0.13689005982765245,0.17930100910657149,0.07841849750804637,0.10011042245494052,0.3819345311346296,0.16704162585173146,2.221304735146988,7.386333771353482,15419000000.0,0.28210476242750243,1.1493479752916953,0.02427868342572772,1.9405966968566861,2.0536760788492274,Post-Crisis Recovery
2013,PFE,Pfizer,Healthcare,51584000000.0,41998000000.0,15716000000.0,22003000000.0,6678000000.0,1414000000.0,172101000000.0,76307000000.0,30462000000.0,56244000000.0,23366000000.0,2183000000.0,17684000000.0,1206000000.0,6895000000.0,15716000000.0,True,0.8141671836228288,0.3046681141439206,0.42654699131513646,0.3046681141439206,0.12945874689826303,0.2883483821929836,0.1278493442803935,0.1471962835654544,0.3992032185775879,0.17700071469660258,2.4070872207480956,11.114568599717115,16478000000.0,0.3194401364764268,0.8037085851929282,0.023379342431761787,3.191153009427121,2.3898477157360407,Post-Crisis Recovery
2014,PFE,Pfizer,Healthcare,49605000000.0,40028000000.0,12240000000.0,9135000000.0,8393000000.0,1360000000.0,167566000000.0,71301000000.0,31541000000.0,55595000000.0,21587000000.0,3343000000.0,17084000000.0,1199000000.0,6424000000.0,12240000000.0,True,0.8069347847999193,0.2467493196250378,0.18415482310250983,0.2467493196250378,0.16919665356314886,0.12811882021290025,0.054515832567465956,0.11901752202407577,0.4423640622151162,0.1882303092512801,2.5753925973965814,9.0,15885000000.0,0.320229815542788,1.8701696770662288,0.02417095050902127,1.4220112079701122,2.4727584059775842,Low Rate Bull Market
2015,PFE,Pfizer,Healthcare,48851000000.0,39203000000.0,8965000000.0,6960000000.0,7690000000.0,1199000000.0,167381000000.0,64720000000.0,28818000000.0,43804000000.0,29399000000.0,3641000000.0,14688000000.0,1397000000.0,6257000000.0,8965000000.0,True,0.8025014841047267,0.18351722585003377,0.14247405375529673,0.18351722585003377,0.15741745307158503,0.10754017305315204,0.041581780488824896,0.09584340054309479,0.4452719406674907,0.1721700790412293,1.4899826524711726,7.477064220183486,13291000000.0,0.2720722196065587,2.110344827586207,0.028597162801170906,1.1123541633370624,2.1241809173725428,Low Rate Bull Market
2016,PFE,Pfizer,Healthcare,52824000000.0,40495000000.0,8351000000.0,7215000000.0,7892000000.0,1186000000.0,171615000000.0,59544000000.0,31398000000.0,38949000000.0,31115000000.0,2595000000.0,16192000000.0,1823000000.0,6159000000.0,8351000000.0,True,0.7666023019839467,0.15809101923368166,0.13658564288959563,0.15809101923368166,0.14940178706648494,0.12117089883111648,0.04204177956472337,0.09182775835147676,0.5273075372833534,0.18295603531159862,1.2517756708982806,7.041315345699831,14369000000.0,0.27201650764803875,2.244213444213444,0.03451082841132819,1.1714564052605942,2.333008605293067,Low Rate Bull Market
2017,PFE,Pfizer,Healthcare,52546000000.0,41306000000.0,12305000000.0,21308000000.0,7683000000.0,1270000000.0,171797000000.0,71308000000.0,33538000000.0,41141000000.0,30427000000.0,1342000000.0,16802000000.0,1956000000.0,6058000000.0,12305000000.0,True,0.7860921858942641,0.23417576980169755,0.4055113614737563,0.23417576980169755,0.1462147451756556,0.2988164020867224,0.12403010529869556,0.11736260801556568,0.4703259101363101,0.19521877564800316,1.3521214710618858,9.688976377952756,14846000000.0,0.2825333993072736,0.7885301295288155,0.03722452708103376,3.5173324529547707,2.4506437768240343,Low Rate Bull Market
2018,PFE,Pfizer,Healthcare,40825000000.0,31838000000.0,3594000000.0,11153000000.0,7760000000.0,1316000000.0,159422000000.0,63407000000.0,32909000000.0,49926000000.0,31858000000.0,1139000000.0,15827000000.0,1984000000.0,5977000000.0,3594000000.0,True,0.7798652786282915,0.08803429271279853,0.2731904470300061,0.08803429271279853,0.1900796080832823,0.17589540587001434,0.06995897680370337,0.0373146725362349,0.5190120964562273,0.20642696741980404,1.5671416912549438,2.731003039513678,13843000000.0,0.3390814451928965,1.4190800681431006,0.04859767299448867,1.8659862807428476,2.3160448385477665,Low Rate Bull Market
2019,PFE,Pfizer,Healthcare,40905000000.0,32851000000.0,11321000000.0,16026000000.0,8385000000.0,1573000000.0,167594000000.0,63143000000.0,35955000000.0,32803000000.0,37304000000.0,1121000000.0,12588000000.0,2046000000.0,5675000000.0,11321000000.0,True,0.8031047549199365,0.2767632318787434,0.3917858452511918,0.2767632318787434,0.204987165383205,0.25380485564512295,0.09562394835137296,0.1142404488486145,0.5694217886384872,0.21453631991598746,0.8793426978340124,7.197075651621106,10542000000.0,0.2577191052438577,0.7854736053912392,0.05001833516685002,2.823964757709251,1.8576211453744493,Low Rate Bull Market
2020,PFE,Pfizer,Healthcare,41651000000.0,33167000000.0,7036000000.0,9159000000.0,8709000000.0,1449000000.0,154229000000.0,63238000000.0,4000000000.0,35067000000.0,25920000000.0,1786000000.0,14403000000.0,2226000000.0,5632000000.0,7036000000.0,True,0.7963074115867567,0.1689275167462966,0.21989868190439604,0.1689275167462966,0.20909461957696093,0.14483380246054586,0.05938571863916643,0.10464320770992594,0.06325310730889655,0.025935459608763593,1.3528935185185185,4.855762594893029,12177000000.0,0.2923579265803942,1.5725515886013757,0.05344409497971237,1.6262428977272727,2.162109375,COVID Shock
2021,PFE,Pfizer,Healthcare,73636000000.0,42815000000.0,24311000000.0,21979000000.0,10360000000.0,1291000000.0,181476000000.0,77201000000.0,36195000000.0,59693000000.0,42671000000.0,1944000000.0,32580000000.0,2711000000.0,5708000000.0,24311000000.0,True,0.5814411429192243,0.3301510130914227,0.29848172089738717,0.3301510130914227,0.14069205280026073,0.284698384735949,0.12111243360003526,0.21439027831669547,0.46884107718811935,0.1994478608741652,1.3989126104380023,18.831138652207592,29869000000.0,0.4056303981748058,1.4823240365803723,0.03681623119126514,3.8505606166783464,5.2328311142256485,COVID Rebound
2022,PFE,Pfizer,Healthcare,91793000000.0,57449000000.0,34729000000.0,31372000000.0,11428000000.0,1238000000.0,197205000000.0,95661000000.0,32884000000.0,51259000000.0,42138000000.0,416000000.0,29267000000.0,3236000000.0,5733000000.0,34729000000.0,True,0.6258538232762847,0.3783403963265173,0.3417689802054623,0.3783403963265173,0.12449751070343054,0.3279497391831572,0.1590831875459547,0.2701699793846513,0.3437555534648394,0.166750335944829,1.216455455883051,28.052504038772213,26031000000.0,0.28358371553386424,0.9329019507841387,0.03525323281731722,5.472178615035758,4.540554683411826,Inflation & Rate Hikes
2023,PFE,Pfizer,Healthcare,50914000000.0,25960000000.0,1058000000.0,2119000000.0,10679000000.0,2209000000.0,226501000000.0,89014000000.0,61538000000.0,43333000000.0,47794000000.0,2853000000.0,8700000000.0,3907000000.0,5709000000.0,1058000000.0,True,0.509879404485996,0.020780139058019405,0.041619201005617314,0.020780139058019405,0.2097458459362847,0.023805244118902644,0.009355367084472033,0.007027472235506669,0.6913294537937853,0.2716897497141293,0.9066619240908901,0.4789497510185604,4793000000.0,0.09413913658325804,4.105710240679566,0.07673724319440625,0.37116833070590294,0.8395515852163251,Inflation & Rate Hikes
2024,PFE,Pfizer,Healthcare,63627000000.0,45776000000.0,8023000000.0,8031000000.0,10822000000.0,3091000000.0,213396000000.0,88203000000.0,57405000000.0,50358000000.0,42995000000.0,1043000000.0,12744000000.0,2909000000.0,5700000000.0,8023000000.0,True,0.719443003756267,0.1260942681566002,0.1262200009429959,0.1260942681566002,0.1700850267968001,0.09105132478487127,0.03763425743687792,0.05509999450579638,0.6508282031223428,0.26900691671821403,1.1712524712175834,2.5956001294079587,9835000000.0,0.15457274427522907,1.5868509525588346,0.04571958445314096,1.4089473684210527,1.725438596491228,Normalization
2006,UNH,UnitedHealth,Healthcare,,,,,,,,20810000000.0,,,,10320000000.0,,,,,True,,,,,,,,,,,,,,,,,,,Pre-Crisis Buildup
2007,UNH,UnitedHealth,Healthcare,,130000000.0,7849000000.0,,,544000000.0,,20063000000.0,,,,8865000000.0,5877000000.0,871000000.0,1361000000.0,7849000000.0,True,,,,,,,,0.39121766435727456,,,,14.428308823529411,5006000000.0,,,,,3.6781778104335046,Pre-Crisis Buildup
2008,UNH,UnitedHealth,Healthcare,,175000000.0,5263000000.0,,,639000000.0,55815000000.0,20780000000.0,11338000000.0,14990000000.0,19761000000.0,7426000000.0,4238000000.0,791000000.0,1201000000.0,5263000000.0,True,,,,,,,,0.16386449965751293,0.5456207892204042,0.20313535787870643,0.758564849956986,8.236306729264475,3447000000.0,,,,,2.8701082431307245,Financial Crisis
2009,UNH,UnitedHealth,Healthcare,,160000000.0,6359000000.0,,,551000000.0,59045000000.0,23606000000.0,9009000000.0,18200000000.0,22163000000.0,9800000000.0,5625000000.0,739000000.0,1147000000.0,6359000000.0,True,,,,,,,,0.19497163881649549,0.38164026095060577,0.15257854179016006,0.821188467265262,11.540834845735027,4886000000.0,,,,,4.259808195292067,Financial Crisis
2010,UNH,UnitedHealth,Healthcare,,206000000.0,7864000000.0,,,481000000.0,63063000000.0,25825000000.0,8662000000.0,18393000000.0,23700000000.0,9123000000.0,6273000000.0,878000000.0,1086000000.0,7864000000.0,True,,,,,,,,0.2280279525618349,0.33541142303969024,0.1373547087832802,0.7760759493670886,16.34927234927235,5395000000.0,,,,,4.967771639042358,Post-Crisis Recovery
2011,UNH,UnitedHealth,Healthcare,,227000000.0,8464000000.0,,,505000000.0,67889000000.0,28292000000.0,10656000000.0,20350000000.0,23922000000.0,9429000000.0,6968000000.0,1067000000.0,1039000000.0,8464000000.0,True,,,,,,,,0.21731539488548834,0.37664357415523825,0.15696209989836352,0.8506813811554218,16.76039603960396,5901000000.0,,,,,5.679499518768046,Post-Crisis Recovery
2012,UNH,UnitedHealth,Healthcare,,250000000.0,9254000000.0,,,632000000.0,80885000000.0,31178000000.0,14041000000.0,21052000000.0,27116000000.0,8406000000.0,7155000000.0,1070000000.0,1019000000.0,9254000000.0,True,,,,,,,,0.2046484884672372,0.4503496054910514,0.17359213698460776,0.7763681958991001,14.64240506329114,6085000000.0,,,,,5.971540726202159,Post-Crisis Recovery
2013,UNH,UnitedHealth,Healthcare,,299000000.0,9623000000.0,,,708000000.0,81882000000.0,32149000000.0,14891000000.0,20380000000.0,27881000000.0,7276000000.0,6991000000.0,1307000000.0,988000000.0,9623000000.0,True,,,,,,,,0.20457057823129252,0.4631870353665744,0.18185926088761878,0.7309637387468169,13.591807909604519,5684000000.0,,,,,5.753036437246964,Post-Crisis Recovery
2014,UNH,UnitedHealth,Healthcare,,416000000.0,10274000000.0,,,618000000.0,86300000000.0,32454000000.0,16007000000.0,23556000000.0,30623000000.0,7495000000.0,8051000000.0,1525000000.0,954000000.0,10274000000.0,True,,,,,,,,0.21200553022017704,0.49322117458556725,0.1854808806488992,0.7692257453547987,16.624595469255663,6526000000.0,,,,,6.840670859538784,Low Rate Bull Market
2015,UNH,UnitedHealth,Healthcare,,1106000000.0,11021000000.0,,,790000000.0,111254000000.0,33725000000.0,25331000000.0,31639000000.0,42898000000.0,10923000000.0,9740000000.0,1556000000.0,953000000.0,11021000000.0,True,,,,,,,,0.1866194798157681,0.7511045218680504,0.22768619555251945,0.7375402116648795,13.950632911392406,8184000000.0,,,,,8.587618048268626,Low Rate Bull Market
2016,UNH,UnitedHealth,Healthcare,,2242000000.0,12930000000.0,,,1067000000.0,122810000000.0,38177000000.0,25777000000.0,33879000000.0,49252000000.0,10430000000.0,9795000000.0,1705000000.0,952000000.0,12930000000.0,True,,,,,,,,0.2021765644056666,0.6751971082065118,0.2098933311619575,0.6878705433281898,12.11808809746954,8090000000.0,,,,,8.497899159663865,Low Rate Bull Market
2017,UNH,UnitedHealth,Healthcare,,2254000000.0,15209000000.0,,,1186000000.0,139058000000.0,49833000000.0,28835000000.0,37084000000.0,50463000000.0,11981000000.0,13596000000.0,2023000000.0,969000000.0,15209000000.0,True,,,,,,,,0.19333146895815326,0.5786326329942006,0.2073595190496052,0.7348750569724353,12.823777403035413,11573000000.0,,,,,11.943240454076367,Low Rate Bull Market
2018,UNH,UnitedHealth,Healthcare,226247000000.0,199249000000.0,17344000000.0,11986000000.0,,1400000000.0,152221000000.0,54319000000.0,34581000000.0,38692000000.0,53209000000.0,10866000000.0,15713000000.0,2063000000.0,960000000.0,17344000000.0,True,,0.0766595800165306,0.05297749804417296,0.0766595800165306,,0.22065943776579097,0.07874077821062797,0.19509561304836895,0.6366280675270163,0.2271762765978413,0.727170215565036,12.388571428571428,13650000000.0,0.06033229169889545,1.3109461037877523,0.009118352950536361,12.485416666666667,14.21875,Low Rate Bull Market
2019,UNH,UnitedHealth,Healthcare,242155000000.0,214038000000.0,19685000000.0,13839000000.0,,1704000000.0,173889000000.0,60436000000.0,36808000000.0,42634000000.0,61782000000.0,10985000000.0,18463000000.0,2071000000.0,948000000.0,19685000000.0,True,,0.08129090871549215,0.057149346492948734,0.08129090871549215,,0.2289860348136872,0.07958525266118041,0.2024289416313603,0.6090409689588987,0.21167526410526255,0.6900715418730374,11.552230046948356,16392000000.0,0.0676921806281101,1.3341281884529228,0.008552373479795998,14.598101265822784,17.29113924050633,Low Rate Bull Market
2020,UNH,UnitedHealth,Healthcare,257141000000.0,226396000000.0,22405000000.0,15403000000.0,,1663000000.0,197289000000.0,68328000000.0,38648000000.0,53718000000.0,72420000000.0,16921000000.0,22174000000.0,2051000000.0,946000000.0,22405000000.0,True,,0.08713118483633493,0.05990098817380348,0.08713118483633493,,0.22542735042735043,0.07807328335588908,0.20943950044869877,0.5656246341177849,0.19589536162685198,0.7417564208782105,13.472639807576668,20123000000.0,0.07825667629821771,1.4395896903200676,0.007976168716774066,16.282241014799155,21.27167019027484,COVID Shock
2021,UNH,UnitedHealth,Healthcare,287597000000.0,256563000000.0,23970000000.0,17285000000.0,,1660000000.0,212206000000.0,75045000000.0,42383000000.0,61758000000.0,78292000000.0,21375000000.0,22343000000.0,2454000000.0,941000000.0,23970000000.0,True,,0.0833457928977006,0.060101461419973086,0.0833457928977006,,0.2303284695849157,0.08145387029584461,0.204125080900637,0.5647678059830769,0.19972573819778894,0.7888162264343739,14.439759036144578,19889000000.0,0.06915579786993606,1.292623662134799,0.00853277329040289,18.368756641870352,21.136025504782147,COVID Rebound
2022,UNH,UnitedHealth,Healthcare,324162000000.0,290459000000.0,28435000000.0,20120000000.0,,2092000000.0,245705000000.0,81450000000.0,54513000000.0,69069000000.0,89237000000.0,23365000000.0,26206000000.0,2802000000.0,934000000.0,28435000000.0,True,,0.08771848643579445,0.062067731566315607,0.08771848643579445,,0.24702271332105585,0.08188681549012027,0.20913778013135928,0.6692817679558011,0.22186361693901224,0.7739950917220435,13.59225621414914,23404000000.0,0.07219846866690112,1.3024850894632207,0.008643826235030632,21.541755888650965,25.05781584582441,Inflation & Rate Hikes
2023,UNH,UnitedHealth,Healthcare,371622000000.0,332852000000.0,32358000000.0,22381000000.0,,3246000000.0,273720000000.0,94421000000.0,58263000000.0,78437000000.0,99054000000.0,25427000000.0,29068000000.0,3386000000.0,924000000.0,32358000000.0,True,,0.08707234770815506,0.06022517504345814,0.08707234770815506,,0.23703413435570478,0.08176603828730089,0.21192790338214876,0.6170555279016321,0.21285620341955283,0.7918610051083248,9.968576709796674,25682000000.0,0.06910785690836388,1.298780215361244,0.009111408904747298,24.221861471861473,27.794372294372295,Inflation & Rate Hikes
2024,UNH,UnitedHealth,Healthcare,400278000000.0,353584000000.0,32287000000.0,14405000000.0,,3906000000.0,298278000000.0,98268000000.0,72359000000.0,85779000000.0,103769000000.0,25312000000.0,24204000000.0,3499000000.0,915000000.0,32287000000.0,True,,0.0806614402989922,0.03598748869535673,0.0806614402989922,,0.14658892009606383,0.04829387350055988,0.18922562079858404,0.7363434688810192,0.2425891282628957,0.8266341585637329,8.26600102406554,20705000000.0,0.051726550047716834,1.6802499132245747,0.00874142470982667,15.743169398907105,22.628415300546447,Normalization
2007,AMD,AMD,Semiconductors,,,,,,,,3230000000.0,,,,1432000000.0,,,,,True,,,,,,,,,,,,,,,,,,,Pre-Crisis Buildup
2008,AMD,AMD,Semiconductors,5808000000.0,2320000000.0,-1955000000.0,-3129000000.0,1848000000.0,391000000.0,,127000000.0,,,,933000000.0,-692000000.0,624000000.0,607000000.0,-1955000000.0,True,0.39944903581267216,-0.3366046831955923,-0.5387396694214877,-0.3366046831955923,0.3181818181818182,-5.0,,-5.0,,,,-5.0,-1316000000.0,-0.2265840220385675,0.22115691914349633,0.10743801652892562,-5.15485996705107,-2.1680395387149916,Financial Crisis
2009,AMD,AMD,Semiconductors,5403000000.0,2272000000.0,664000000.0,304000000.0,1721000000.0,438000000.0,9078000000.0,648000000.0,4252000000.0,4275000000.0,2210000000.0,1657000000.0,473000000.0,466000000.0,671000000.0,664000000.0,True,0.4205071256709236,0.12289468813622062,0.05626503794188414,0.12289468813622062,0.31852674440125855,0.4691358024691358,0.03348755232430051,0.13551020408163264,6.561728395061729,0.46838510685172946,1.9343891402714932,1.5159817351598173,7000000.0,0.0012955765315565426,1.555921052631579,0.08624838052933556,0.45305514157973176,0.010432190760059613,Financial Crisis
2010,AMD,AMD,Semiconductors,6494000000.0,2961000000.0,848000000.0,471000000.0,1405000000.0,199000000.0,4964000000.0,1013000000.0,2188000000.0,3594000000.0,1674000000.0,606000000.0,-412000000.0,148000000.0,683000000.0,848000000.0,True,0.4559593470896212,0.13058207576224207,0.07252848783492455,0.13058207576224207,0.21635355712965815,0.46495557749259625,0.09488315874294924,0.26491721337082164,2.1599210266535045,0.44077356970185333,2.1469534050179213,4.261306532663316,-560000000.0,-0.08623344625808439,-0.8747346072186837,0.022790267939636587,0.6896046852122987,-0.8199121522693997,Post-Crisis Recovery
2011,AMD,AMD,Semiconductors,6568000000.0,2940000000.0,368000000.0,491000000.0,1453000000.0,180000000.0,4954000000.0,1590000000.0,2065000000.0,3229000000.0,1774000000.0,869000000.0,382000000.0,250000000.0,698000000.0,368000000.0,True,0.4476248477466504,0.05602923264311815,0.0747563946406821,0.05602923264311815,0.22122411693057248,0.30880503144654087,0.09911182882519176,0.10068399452804377,1.29874213836478,0.41683488090431975,1.8201803833145433,2.0444444444444443,132000000.0,0.020097442143727162,0.7780040733197556,0.03806333739342266,0.7034383954154728,0.18911174785100288,Post-Crisis Recovery
2012,AMD,AMD,Semiconductors,5422000000.0,1235000000.0,-1056000000.0,-1183000000.0,1354000000.0,175000000.0,4000000000.0,538000000.0,2037000000.0,2265000000.0,1397000000.0,549000000.0,-338000000.0,133000000.0,741000000.0,-1056000000.0,True,0.22777572851346367,-0.19476208041313167,-0.2181851715234231,-0.19476208041313167,0.249723349317595,-2.1988847583643123,-0.29575,-0.41009708737864076,3.7862453531598512,0.50925,1.6213314244810308,-6.034285714285715,-471000000.0,-0.08686831427517522,0.2857142857142857,0.024529693839911472,-1.5964912280701755,-0.6356275303643725,Post-Crisis Recovery
2013,AMD,AMD,Semiconductors,5299000000.0,1978000000.0,103000000.0,-83000000.0,1201000000.0,177000000.0,4337000000.0,544000000.0,1986000000.0,2884000000.0,1618000000.0,869000000.0,-148000000.0,84000000.0,754000000.0,103000000.0,True,0.37327797697678805,0.01943762974146065,-0.015663332704283828,0.01943762974146065,0.2266465370824684,-0.15257352941176472,-0.01913765275536085,0.040711462450592886,3.650735294117647,0.4579202213511644,1.7824474660074165,0.5819209039548022,-232000000.0,-0.043781845631251176,1.783132530120482,0.015852047556142668,-0.11007957559681697,-0.3076923076923077,Post-Crisis Recovery
2014,AMD,AMD,Semiconductors,5506000000.0,1839000000.0,-155000000.0,-403000000.0,1072000000.0,177000000.0,3767000000.0,187000000.0,2025000000.0,2736000000.0,1440000000.0,805000000.0,-98000000.0,95000000.0,776000000.0,-155000000.0,True,0.3339992735197966,-0.028151107882310206,-0.07319288049400653,-0.028151107882310206,0.19469669451507446,-2.1550802139037435,-0.1069816830368994,-0.07007233273056059,10.828877005347593,0.5375630475179187,1.9,-0.8757062146892656,-193000000.0,-0.03505266981474755,0.24317617866004962,0.017253904831093354,-0.5193298969072165,-0.24871134020618557,Low Rate Bull Market
2015,AMD,AMD,Semiconductors,3991000000.0,1080000000.0,-481000000.0,-660000000.0,947000000.0,160000000.0,3084000000.0,-350000000.0,2237000000.0,2320000000.0,1403000000.0,785000000.0,-226000000.0,96000000.0,792000000.0,-481000000.0,True,0.2706088699574042,-0.12052117263843648,-0.16537208719619143,-0.12052117263843648,0.23728388874968678,1.8857142857142857,-0.2140077821011673,-0.2549019607843137,-6.3914285714285715,0.7253566796368353,1.6535994297933,-3.00625,-322000000.0,-0.08068153345026309,0.3424242424242424,0.02405412177399148,-0.8333333333333334,-0.4065656565656566,Low Rate Bull Market
2016,AMD,AMD,Semiconductors,4319000000.0,1003000000.0,-373000000.0,-498000000.0,1008000000.0,156000000.0,3321000000.0,477000000.0,1435000000.0,2530000000.0,1346000000.0,1264000000.0,81000000.0,77000000.0,935000000.0,-373000000.0,True,0.23222968279694373,-0.08636258393146562,-0.11530446862699699,-0.08636258393146562,0.233387358184765,-1.0440251572327044,-0.14995483288166214,-0.1950836820083682,3.008385744234801,0.43209876543209874,1.8796433878157504,-2.391025641025641,4000000.0,0.0009261403102570039,-0.16265060240963855,0.017828200972447326,-0.532620320855615,0.0042780748663101605,Low Rate Bull Market
2017,AMD,AMD,Semiconductors,5253000000.0,1787000000.0,127000000.0,-33000000.0,1196000000.0,126000000.0,3552000000.0,596000000.0,1395000000.0,2634000000.0,1513000000.0,1185000000.0,12000000.0,113000000.0,967000000.0,127000000.0,True,0.3401865600609176,0.024176660955644393,-0.006282124500285551,0.024176660955644393,0.22767942128307633,-0.05536912751677853,-0.009290540540540541,0.06378704168759418,2.3406040268456376,0.3927364864864865,1.7409120951751487,1.007936507936508,-101000000.0,-0.019227108319055778,-0.36363636363636365,0.021511517228250523,-0.03412616339193381,-0.10444674250258532,Low Rate Bull Market
2018,AMD,AMD,Semiconductors,6475000000.0,2447000000.0,451000000.0,337000000.0,1434000000.0,121000000.0,4556000000.0,1266000000.0,1250000000.0,3540000000.0,1984000000.0,1078000000.0,34000000.0,163000000.0,1005000000.0,451000000.0,True,0.3779150579150579,0.06965250965250966,0.05204633204633204,0.06965250965250966,0.22146718146718147,0.26619273301737756,0.07396839332748024,0.17925278219395865,0.9873617693522907,0.27436347673397715,1.784274193548387,3.727272727272727,-129000000.0,-0.019922779922779923,0.10089020771513353,0.025173745173745175,0.3353233830845771,-0.12835820895522387,Low Rate Bull Market
2019,AMD,AMD,Semiconductors,6731000000.0,2868000000.0,631000000.0,341000000.0,1547000000.0,94000000.0,6028000000.0,2827000000.0,486000000.0,4597000000.0,2359000000.0,1466000000.0,493000000.0,217000000.0,1170000000.0,631000000.0,True,0.4260882484029119,0.09374535730203536,0.05066112019016491,0.09374535730203536,0.2298321200415986,0.12062256809338522,0.05656934306569343,0.1904618170842137,0.17191368942341706,0.08062375580623755,1.9487070792708774,6.712765957446808,276000000.0,0.04100430842371119,1.4457478005865103,0.03223889466646858,0.2914529914529915,0.2358974358974359,Low Rate Bull Market
2020,AMD,AMD,Semiconductors,9763000000.0,4347000000.0,1369000000.0,2490000000.0,1983000000.0,47000000.0,8962000000.0,5837000000.0,330000000.0,6143000000.0,2417000000.0,1595000000.0,1071000000.0,294000000.0,1211000000.0,1369000000.0,True,0.44525248386766364,0.14022329202089523,0.25504455597664655,0.14022329202089523,0.20311379698863055,0.4265890011992462,0.2778397679089489,0.2219880006486136,0.0565358917252013,0.03682213791564383,2.5415804716590813,29.127659574468087,777000000.0,0.0795861927686162,0.43012048192771085,0.030113694561098022,2.056151940545004,0.6416184971098265,COVID Shock
2021,AMD,AMD,Semiconductors,16434000000.0,7929000000.0,3648000000.0,3162000000.0,2845000000.0,34000000.0,12419000000.0,7497000000.0,1000000.0,8583000000.0,4240000000.0,2535000000.0,3521000000.0,301000000.0,1207000000.0,3648000000.0,True,0.4824753559693319,0.22197882438846295,0.1924059875867105,0.22197882438846295,0.17311670926128758,0.4217687074829932,0.254609871970368,0.4865297412643372,0.00013338668800853674,8.052178114179885e-05,2.024292452830189,50.0,3220000000.0,0.19593525617622004,1.1135357368753953,0.018315686990385785,2.619718309859155,2.667771333885667,COVID Rebound
2022,AMD,AMD,Semiconductors,23601000000.0,10603000000.0,1264000000.0,1320000000.0,5005000000.0,88000000.0,67580000000.0,54750000000.0,2467000000.0,15019000000.0,6369000000.0,4835000000.0,3565000000.0,450000000.0,1612000000.0,1264000000.0,True,0.4492606245498072,0.05355705266725986,0.055929833481632135,0.05355705266725986,0.21206728528452184,0.02410958904109589,0.01953240603728914,0.022091336490903054,0.045059360730593606,0.036504883101509324,2.358140995446695,14.363636363636363,3115000000.0,0.13198593279945764,2.7007575757575757,0.019066988686920045,0.8188585607940446,1.932382133995037,Inflation & Rate Hikes
2023,AMD,AMD,Semiconductors,22680000000.0,10460000000.0,401000000.0,854000000.0,5872000000.0,106000000.0,67885000000.0,55892000000.0,1717000000.0,16768000000.0,6689000000.0,3933000000.0,1667000000.0,546000000.0,1616000000.0,401000000.0,True,0.46119929453262787,0.017680776014109348,0.037654320987654324,0.017680776014109348,0.2589065255731922,0.015279467544550203,0.012580098696324666,0.006960717943376903,0.030719959922708078,0.025292774545186712,2.506802212587831,3.7830188679245285,1121000000.0,0.04942680776014109,1.9519906323185012,0.024074074074074074,0.5284653465346535,0.6936881188118812,Inflation & Rate Hikes
2024,AMD,AMD,Semiconductors,25785000000.0,12725000000.0,1900000000.0,1641000000.0,6456000000.0,92000000.0,69226000000.0,57568000000.0,1721000000.0,19049000000.0,7281000000.0,3787000000.0,3041000000.0,636000000.0,1622000000.0,1900000000.0,True,0.49350397517936784,0.0736862516967229,0.06364165212332752,0.0736862516967229,0.2503781268179174,0.028505419677598665,0.02370496634212579,0.03204641670461637,0.02989508060033352,0.024860601508103892,2.6162615025408598,20.652173913043477,2405000000.0,0.09327128175295715,1.8531383302864106,0.024665503199534613,1.0117139334155363,1.4827373612823675,Normalization
2006,INTC,Intel,Semiconductors,,,,,,,,37210000000.0,,,,6598000000.0,,,,,True,,,,,,,,,,,,,,,,,,,Pre-Crisis Buildup
2007,INTC,Intel,Semiconductors,38334000000.0,19904000000.0,8216000000.0,6976000000.0,5755000000.0,15000000.0,,43220000000.0,,,,7307000000.0,12625000000.0,5000000000.0,5936000000.0,8216000000.0,True,0.519225752595607,0.2143267073616111,0.18197944383575937,0.2143267073616111,0.1501278238639328,0.16140675613142064,,0.19009717723276262,,,,50.0,7625000000.0,0.19890958418114468,1.809776376146789,0.13043251421714405,1.1752021563342319,1.2845350404312668,Pre-Crisis Buildup
2008,INTC,Intel,Semiconductors,37586000000.0,20844000000.0,8954000000.0,5292000000.0,5722000000.0,8000000.0,50472000000.0,39546000000.0,1185000000.0,19871000000.0,7818000000.0,3350000000.0,10926000000.0,5197000000.0,5562000000.0,8954000000.0,True,0.5545681902836163,0.23822699941467568,0.14079710530516681,0.23822699941467568,0.15223753525248762,0.1338188438780155,0.10485021398002853,0.2198325599666102,0.029965103929600972,0.023478364241559677,2.5416986441545153,50.0,5729000000.0,0.1524237748097696,2.064625850340136,0.13826956845634011,0.9514563106796117,1.0300251708018697,Financial Crisis
2009,INTC,Intel,Semiconductors,35127000000.0,19561000000.0,5711000000.0,4369000000.0,5653000000.0,1000000.0,53095000000.0,41704000000.0,2049000000.0,21157000000.0,7591000000.0,3987000000.0,11170000000.0,4515000000.0,5523000000.0,5711000000.0,True,0.5568650895322687,0.16258149002192046,0.12437725965781307,0.16258149002192046,0.16093033848606486,0.10476213312871667,0.08228646765232131,0.13052819235252439,0.04913197774793785,0.038591204444862984,2.787116321960216,50.0,6655000000.0,0.18945540467446692,2.5566491187914853,0.12853360662738064,0.7910555857323918,1.204961071881224,Financial Crisis
2010,INTC,Intel,Semiconductors,43623000000.0,28491000000.0,15588000000.0,11464000000.0,6576000000.0,0.0,63186000000.0,49430000000.0,2077000000.0,31611000000.0,9327000000.0,5498000000.0,16692000000.0,5207000000.0,5511000000.0,15588000000.0,True,0.6531187676225844,0.35733443367031154,0.2627971482933315,0.35733443367031154,0.1507461660133416,0.23192393283431115,0.1814325958281898,0.3026384763236065,0.04201901679142221,0.0328712056468205,3.3891926664522356,50.0,11485000000.0,0.26327854572129383,1.456036287508723,0.11936363844760792,2.080203229903829,2.084013790600617,Post-Crisis Recovery
2011,INTC,Intel,Semiconductors,53999000000.0,33757000000.0,17477000000.0,12942000000.0,8350000000.0,41000000.0,71119000000.0,45911000000.0,7084000000.0,25872000000.0,12028000000.0,5065000000.0,20963000000.0,10764000000.0,5000000000.0,17477000000.0,True,0.6251412063186356,0.3236541417433656,0.23967110502046335,0.3236541417433656,0.1546324931943184,0.2818932282023916,0.18197668696129024,0.3297858288517785,0.15429853412036332,0.09960769977080668,2.1509810442301296,50.0,10199000000.0,0.18887386803459325,1.6197651058569,0.19933702475971776,2.5884,2.0398,Post-Crisis Recovery
2012,INTC,Intel,Semiconductors,53341000000.0,33151000000.0,14638000000.0,11005000000.0,10148000000.0,90000000.0,84351000000.0,51203000000.0,13136000000.0,31358000000.0,12898000000.0,8478000000.0,18884000000.0,11027000000.0,4944000000.0,14638000000.0,True,0.6214919105378602,0.2744230516863201,0.2063140923492248,0.2744230516863201,0.19024765190003937,0.21492881276487705,0.1304667401690555,0.2275136386950372,0.25654746792180144,0.15573022252255456,2.431229648007443,50.0,7857000000.0,0.1472975759734538,1.7159472966833258,0.2067265330608725,2.225930420711974,1.5891990291262137,Post-Crisis Recovery
2013,INTC,Intel,Semiconductors,52708000000.0,31521000000.0,12291000000.0,9620000000.0,10611000000.0,244000000.0,92358000000.0,58256000000.0,13165000000.0,32084000000.0,13568000000.0,5674000000.0,20776000000.0,10711000000.0,4967000000.0,12291000000.0,True,0.5980306594824315,0.23319040752826894,0.18251498823707976,0.23319040752826894,0.20131668816877893,0.16513320516341665,0.10415989952142748,0.17209224177762844,0.22598530623455096,0.142543147318045,2.364681603773585,50.0,10065000000.0,0.19095772937694466,2.1596673596673597,0.20321393336874857,1.936782766257298,2.026374068854439,Post-Crisis Recovery
2014,INTC,Intel,Semiconductors,55870000000.0,35609000000.0,15347000000.0,11704000000.0,11537000000.0,192000000.0,91900000000.0,55865000000.0,13195000000.0,27730000000.0,16011000000.0,2561000000.0,20418000000.0,10105000000.0,4748000000.0,15347000000.0,True,0.6373545731161625,0.27469124753892965,0.20948630749955252,0.27469124753892965,0.2064972257025237,0.20950505683343776,0.1273558215451578,0.22222704894294817,0.23619439720755392,0.14357997823721436,1.731934295172069,50.0,10313000000.0,0.18458922498657598,1.7445317840054682,0.1808662967603365,2.465037910699242,2.172072451558551,Low Rate Bull Market
2015,INTC,Intel,Semiconductors,55355000000.0,34679000000.0,14002000000.0,11420000000.0,12128000000.0,337000000.0,101459000000.0,61085000000.0,22707000000.0,38320000000.0,15646000000.0,15308000000.0,19018000000.0,7326000000.0,4725000000.0,14002000000.0,True,0.6264836058169994,0.252949146418571,0.2063047601842652,0.252949146418571,0.21909493270707253,0.18695260702300073,0.11255778196118629,0.16710425816307045,0.3717279201113203,0.2238046895790418,2.4491882909369806,41.54896142433235,11692000000.0,0.21121849878059795,1.665323992994746,0.13234576822328606,2.416931216931217,2.4744973544973545,Low Rate Bull Market
2016,INTC,Intel,Semiconductors,59387000000.0,36233000000.0,13133000000.0,10316000000.0,12685000000.0,733000000.0,113327000000.0,66226000000.0,25258000000.0,35508000000.0,20302000000.0,5560000000.0,21808000000.0,9625000000.0,4730000000.0,13133000000.0,True,0.6101166922053648,0.2211426743226632,0.17370805058346103,0.2211426743226632,0.213598935794029,0.15576963730256999,0.09102861630502881,0.14355515718595602,0.38139099447346964,0.22287716078251432,1.7489902472662793,17.916780354706685,12183000000.0,0.2051459073534612,2.113997673516867,0.16207250745112567,2.180972515856237,2.5756871035940803,Low Rate Bull Market
2017,INTC,Intel,Semiconductors,62761000000.0,39098000000.0,18050000000.0,9601000000.0,13035000000.0,646000000.0,123249000000.0,69653000000.0,26776000000.0,29500000000.0,17421000000.0,3433000000.0,22110000000.0,11778000000.0,4687000000.0,18050000000.0,True,0.6229664919297015,0.2875989866318255,0.15297716734914996,0.2875989866318255,0.20769267538758146,0.13784043759780626,0.07789921216399322,0.18718435325472627,0.38441991012590987,0.21725125558828062,1.6933585902072212,27.941176470588236,10332000000.0,0.1646245279711923,2.3028851161337363,0.18766431382546486,2.0484318327288245,2.204395135481118,Low Rate Bull Market
2018,INTC,Intel,Semiconductors,70848000000.0,43737000000.0,23316000000.0,21053000000.0,13543000000.0,468000000.0,127963000000.0,74563000000.0,25859000000.0,28787000000.0,16626000000.0,3019000000.0,29432000000.0,15181000000.0,4516000000.0,23316000000.0,True,0.6173357046070461,0.3290989159891599,0.2971572944896116,0.3290989159891599,0.19115571364046974,0.28235183670184943,0.1645241202535108,0.2321801995578658,0.34680739777101244,0.20208185178528168,1.7314447251293155,49.82051282051282,14251000000.0,0.20114893857271907,1.3979955350781361,0.21427563233965674,4.661868910540301,3.1556687333923827,Low Rate Bull Market
2019,INTC,Intel,Semiconductors,71965000000.0,42140000000.0,22035000000.0,21048000000.0,13362000000.0,489000000.0,136524000000.0,77504000000.0,29003000000.0,31239000000.0,22310000000.0,4194000000.0,33145000000.0,16213000000.0,4290000000.0,22035000000.0,True,0.5855624261793928,0.3061905092753422,0.2924755089279511,0.3061905092753422,0.18567359132911831,0.27157308009909165,0.15417069526237145,0.20688781019087948,0.3742129438480595,0.21243883859248192,1.4002241147467502,45.061349693251536,16932000000.0,0.23528103939414993,1.5747339414671229,0.22529007156256514,4.906293706293706,3.946853146853147,Low Rate Bull Market
2020,INTC,Intel,Semiconductors,77867000000.0,43612000000.0,23678000000.0,20899000000.0,13556000000.0,629000000.0,153091000000.0,81038000000.0,36401000000.0,47249000000.0,24754000000.0,5865000000.0,35864000000.0,14259000000.0,4062000000.0,23678000000.0,True,0.5600832188218372,0.30408260238611995,0.26839354283586114,0.30408260238611995,0.17409172049777183,0.2578913596090723,0.13651357689217525,0.20161956419928645,0.4491843332757472,0.23777361177338968,1.908742021491476,37.64387917329094,21605000000.0,0.27746028484467106,1.7160629695200726,0.1831199352742497,5.145002461841457,5.3188084687346135,COVID Shock
2021,INTC,Intel,Semiconductors,79024000000.0,43815000000.0,19456000000.0,19868000000.0,15190000000.0,597000000.0,168406000000.0,95391000000.0,38101000000.0,58558000000.0,27462000000.0,4827000000.0,29456000000.0,18733000000.0,4070000000.0,19456000000.0,True,0.5544518121077141,0.2462036849564689,0.2514172909495849,0.2462036849564689,0.19222008503745697,0.2082796070908157,0.11797679417597948,0.14574656159170588,0.39941923242234595,0.22624490813866488,2.1323283082077054,32.58961474036851,10723000000.0,0.1356929540392792,1.482585061405275,0.23705456570155903,4.881572481572482,2.634643734643735,COVID Rebound
2022,INTC,Intel,Semiconductors,63054000000.0,26866000000.0,2334000000.0,8014000000.0,17528000000.0,496000000.0,182103000000.0,101423000000.0,38107000000.0,50407000000.0,32155000000.0,11144000000.0,15433000000.0,24844000000.0,4137000000.0,2334000000.0,True,0.426079233672725,0.03701589114092683,0.1270974085704317,0.03701589114092683,0.27798395026485234,0.07901560789958885,0.04400806137186098,0.01672758546549129,0.375723455232048,0.2092606931242209,1.5676255636759446,4.705645161290323,-9411000000.0,-0.14925302121990675,1.9257549288744698,0.3940114822215878,1.9371525259850133,-2.274836838288615,Inflation & Rate Hikes
2023,INTC,Intel,Semiconductors,54228000000.0,21711000000.0,93000000.0,1689000000.0,16046000000.0,878000000.0,191572000000.0,105590000000.0,49266000000.0,43269000000.0,28053000000.0,7079000000.0,11471000000.0,25750000000.0,4228000000.0,93000000.0,True,0.400365125027661,0.001714981190528878,0.031146271298959947,0.001714981190528878,0.2958987976691008,0.01599583293872526,0.008816528511473493,0.0006005579376969571,0.46657827445780853,0.257167018144614,1.5424018821516416,0.10592255125284739,-14279000000.0,-0.26331415504905215,6.791592658377739,0.4748469425389098,0.3994796594134343,-3.3772469252601702,Inflation & Rate Hikes
2024,INTC,Intel,Semiconductors,53101000000.0,17345000000.0,-11678000000.0,-18756000000.0,16546000000.0,1034000000.0,196485000000.0,99270000000.0,50011000000.0,47324000000.0,35666000000.0,8249000000.0,8288000000.0,23944000000.0,4330000000.0,-11678000000.0,True,0.32664168283083184,-0.2199205288036007,-0.35321368712453627,-0.2199205288036007,0.31159488521873413,-0.18893925657298277,-0.09545766852431484,-0.07822830768818537,0.5037876498438602,0.25452833549634835,1.3268659227275277,-11.294003868471954,-15656000000.0,-0.2948343722340446,-0.4418852633823843,0.45091429539933336,-4.331639722863741,-3.615704387990762,Normalization
2007,NVDA,NVIDIA,Semiconductors,,,,,,,,2006919000.0,,,,544414000.0,,,,,True,,,,,,,,,,,,,,,,,,,Pre-Crisis Buildup
2008,NVDA,NVIDIA,Semiconductors,4097860000.0,1869280000.0,836346000.0,797645000.0,691637000.0,54000.0,,2617912000.0,,,,726969000.0,1270196000.0,75542000.0,606732.0,836346000.0,True,0.4561600445110375,0.20409335604437437,0.19464915834118296,0.20409335604437437,0.16878004617044018,0.3046874761260119,,0.3194706315567521,,,,50.0,1194654000.0,0.2915311894501032,1.592432723830777,0.01843449995851493,1314.657872009388,1968.9978441882083,Financial Crisis
2009,NVDA,NVIDIA,Semiconductors,3424859000.0,1174269000.0,-70700000.0,-30041000.0,855879000.0,406000.0,3350727000.0,2394652000.0,,2167958000.0,778591000.0,417688000.0,249360000.0,27948000.0,538460766.0,-70700000.0,True,0.34286637785672347,-0.020643185602677364,-0.008771455992786857,-0.020643185602677364,0.24990196676709903,-0.01254503785936328,-0.008965517035556762,-0.02952412292057468,,,2.7844632162457565,-50.0,221412000.0,0.06464850085799152,-8.300655770447056,0.008160335943757101,-0.0557905086068982,0.41119430417331465,Financial Crisis
2010,NVDA,NVIDIA,Semiconductors,3326445000.0,1176923000.0,-98945000.0,-67987000.0,908851000.0,3320000.0,3585918000.0,2665140000.0,,2480830000.0,784378000.0,447221000.0,487807000.0,77601000.0,561465851.0,-98945000.0,True,0.3538080443235947,-0.02974496797632307,-0.020438335820974044,-0.02974496797632307,0.2732199089418283,-0.025509729320035722,-0.018959440790335975,-0.03712562942284458,,,3.1627990586171464,-29.802710843373493,410206000.0,0.12331663382379687,-7.175004044890935,0.02332850836253117,-0.12108839723540016,0.7305983066813444,Post-Crisis Recovery
2011,NVDA,NVIDIA,Semiconductors,3543309000.0,1409090000.0,255747000.0,253146000.0,848830000.0,3127000.0,4495246000.0,3181462000.0,,3226950000.0,942682000.0,665361000.0,675797000.0,97890000.0,588555701.0,255747000.0,True,0.39767629636591106,0.07217744769084491,0.0714433880872371,0.07217744769084491,0.23955855952726673,0.07956907861857222,0.0563141594475586,0.0803866272801624,,,3.42315860491661,50.0,577907000.0,0.16309810970479854,2.669593831227829,0.02762671841490539,0.4301139205174397,0.9819070633724096,Post-Crisis Recovery
2012,NVDA,NVIDIA,Semiconductors,3997930000.0,2056517000.0,648299000.0,581090000.0,1002605000.0,3089000.0,5552928000.0,4145724000.0,,3905358000.0,929958000.0,667876000.0,909156000.0,138735000.0,612191412.0,648299000.0,True,0.5143954496451913,0.16215866711022955,0.14534771744377714,0.16215866711022955,0.250781029182602,0.14016610850119304,0.10464569322706868,0.15637775211277932,,,4.199499332227907,50.0,770421000.0,0.19270497482447166,1.5645700321809015,0.03470170813395932,0.9491965888603482,1.2584642399393868,Post-Crisis Recovery
2013,NVDA,NVIDIA,Semiconductors,4280159000.0,2226343000.0,648239000.0,562536000.0,1147282000.0,3294000.0,6412245000.0,4827000000.0,0.0,4775258000.0,976223000.0,733000000.0,824172000.0,0.0,616756134.0,648239000.0,True,0.5201542746426009,0.15145208390622872,0.13142876234270737,0.15145208390622872,0.26804658425072525,0.11653946550652579,0.0877284008954742,0.1342943857468407,0.0,0.0,4.891564734696888,50.0,824172000.0,0.19255639802166227,1.4651009002090534,0.0,0.9120882128105434,1.3363012616587937,Post-Crisis Recovery
2014,NVDA,NVIDIA,Semiconductors,4130000000.0,2268000000.0,496000000.0,440000000.0,1336000000.0,10000000.0,7250894000.0,4455000000.0,1356375000.0,5624711000.0,945496000.0,1152000000.0,835000000.0,17000000.0,567997000.0,496000000.0,True,0.5491525423728814,0.12009685230024213,0.10653753026634383,0.12009685230024213,0.32348668280871673,0.09876543209876543,0.060682172432806214,0.08534985265965456,0.3044612794612795,0.1870631400762444,5.948952718996167,49.6,818000000.0,0.1980629539951574,1.8977272727272727,0.004116222760290557,0.7746519787956626,1.4401484514883,Low Rate Bull Market
2015,NVDA,NVIDIA,Semiconductors,4682000000.0,2599000000.0,759000000.0,631000000.0,1360000000.0,46000000.0,7201000000.0,4418000000.0,1384000000.0,5713000000.0,896000000.0,497000000.0,906000000.0,0.0,545000000.0,759000000.0,True,0.555104656129859,0.16211020931225972,0.13477146518581803,0.16211020931225972,0.290474156343443,0.14282480760525124,0.08762671851131787,0.13081695966907964,0.31326392032593936,0.1921955283988335,6.376116071428571,16.5,906000000.0,0.1935070482699701,1.4358161648177497,0.0,1.1577981651376146,1.6623853211009174,Low Rate Bull Market
2016,NVDA,NVIDIA,Semiconductors,5010000000.0,2811000000.0,747000000.0,614000000.0,1331000000.0,47000000.0,7370000000.0,4469000000.0,0.0,6053000000.0,2351000000.0,596000000.0,1175000000.0,0.0,539000000.0,747000000.0,True,0.5610778443113772,0.14910179640718563,0.12255489021956088,0.14910179640718563,0.2656686626746507,0.13739091519355562,0.08331071913161466,0.16715148802864174,0.0,0.0,2.5746490854955337,15.893617021276595,1175000000.0,0.2345309381237525,1.9136807817589576,0.0,1.1391465677179964,2.1799628942486087,Low Rate Bull Market
2017,NVDA,NVIDIA,Semiconductors,6910000000.0,4063000000.0,1934000000.0,1666000000.0,1463000000.0,58000000.0,9841000000.0,5762000000.0,1983000000.0,8536000000.0,1788000000.0,1766000000.0,1672000000.0,5000000.0,585000000.0,1934000000.0,True,0.5879884225759768,0.27988422575976846,0.2410998552821997,0.27988422575976846,0.2117221418234443,0.28913571676501215,0.16929173864444672,0.24970948999354423,0.3441513363415481,0.20150391220404432,4.774049217002237,33.3448275862069,1667000000.0,0.24124457308248914,1.0036014405762306,0.000723589001447178,2.847863247863248,2.8495726495726497,Low Rate Bull Market
2018,NVDA,NVIDIA,Semiconductors,9714000000.0,5822000000.0,3210000000.0,3047000000.0,1797000000.0,61000000.0,11241000000.0,7471000000.0,1985000000.0,9255000000.0,1153000000.0,4002000000.0,3502000000.0,36000000.0,606000000.0,3210000000.0,True,0.5993411570928556,0.3304508956145769,0.3136709903232448,0.3304508956145769,0.18499073502161828,0.4078436621603534,0.2710612934792278,0.33946700507614214,0.26569401686521216,0.17658571301485632,8.026886383347788,50.0,3466000000.0,0.35680461190035,1.14932720708894,0.0037059913526868438,5.028052805280528,5.7194719471947195,Low Rate Bull Market
2019,NVDA,NVIDIA,Semiconductors,11716000000.0,7171000000.0,3804000000.0,4141000000.0,2376000000.0,58000000.0,13292000000.0,9342000000.0,1988000000.0,10557000000.0,1329000000.0,782000000.0,3743000000.0,0.0,606000000.0,3804000000.0,True,0.6120689655172413,0.3246841925571868,0.35344827586206895,0.3246841925571868,0.20279959030385797,0.44326696638835367,0.3115407764068613,0.3357458075904678,0.21280239777349605,0.14956364730665062,7.943566591422122,50.0,3743000000.0,0.31947763741891433,0.9038879497705868,0.0,6.833333333333333,6.176567656765677,Low Rate Bull Market
2020,NVDA,NVIDIA,Semiconductors,10918000000.0,6768000000.0,2846000000.0,2796000000.0,2829000000.0,52000000.0,17315000000.0,12204000000.0,1991000000.0,13690000000.0,1784000000.0,10896000000.0,4761000000.0,212000000.0,612000000.0,2846000000.0,True,0.619893753434695,0.2606704524638212,0.2560908591317091,0.2606704524638212,0.2591133907309031,0.22910521140609635,0.16147848686110308,0.20049313138429023,0.16314323172730252,0.11498700548657234,7.673766816143497,50.0,4549000000.0,0.4166514013555596,1.7027896995708154,0.019417475728155338,4.568627450980392,7.433006535947713,COVID Shock
2021,NVDA,NVIDIA,Semiconductors,16675000000.0,10396000000.0,4532000000.0,4332000000.0,3924000000.0,184000000.0,28791000000.0,16893000000.0,6963000000.0,16055000000.0,3925000000.0,847000000.0,5822000000.0,157000000.0,2479000000.0,4532000000.0,True,0.623448275862069,0.271784107946027,0.25979010494752625,0.271784107946027,0.2353223388305847,0.2564375776949032,0.1504636865687194,0.18997317236753855,0.41218256082400995,0.2418464103365635,4.090445859872611,24.630434782608695,5665000000.0,0.33973013493253373,1.3439519852262234,0.009415292353823088,1.7474788221056878,2.285195643404599,COVID Rebound
2022,NVDA,NVIDIA,Semiconductors,26914000000.0,17475000000.0,10041000000.0,9752000000.0,5268000000.0,236000000.0,44187000000.0,26612000000.0,10946000000.0,28829000000.0,4335000000.0,1990000000.0,9108000000.0,976000000.0,2506000000.0,10041000000.0,True,0.6492903321691313,0.3730772088875678,0.3623393029649996,0.3730772088875678,0.19573456193802483,0.3664512250112731,0.22069839545567702,0.26734650407369936,0.41131820231474525,0.24771991762283024,6.650288350634371,42.54661016949152,8132000000.0,0.3021475811845136,0.9339622641509434,0.036263654603552055,3.89146049481245,3.2450119712689545,Inflation & Rate Hikes
2023,NVDA,NVIDIA,Semiconductors,26974000000.0,15356000000.0,4224000000.0,4368000000.0,7339000000.0,262000000.0,41182000000.0,22101000000.0,10953000000.0,23073000000.0,6563000000.0,3389000000.0,5641000000.0,1833000000.0,2466000000.0,4224000000.0,True,0.5692889449099132,0.1565952398606065,0.16193371394676356,0.1565952398606065,0.2720768147104619,0.19763811592235644,0.10606575688407557,0.12779088763840987,0.4955884349124474,0.26596571317565926,3.515617857687033,16.12213740458015,3808000000.0,0.14117298138948617,1.291437728937729,0.067954326388374,1.7712895377128954,1.5442011354420113,Inflation & Rate Hikes
2024,NVDA,NVIDIA,Semiconductors,60922000000.0,44301000000.0,32972000000.0,29760000000.0,8675000000.0,257000000.0,65728000000.0,42978000000.0,9709000000.0,44345000000.0,10631000000.0,7280000000.0,28090000000.0,1069000000.0,24643000000.0,32972000000.0,True,0.7271757329043695,0.5412166376678376,0.4884934834706674,0.5412166376678376,0.14239519385443683,0.6924472986178976,0.4527750730282376,0.6258090230986771,0.22590627763041557,0.1477148247322298,4.171291505973097,50.0,27021000000.0,0.4435343554052723,0.9438844086021505,0.017547027346442992,1.2076451730714604,1.0964979913159925,Normalization
2007,CRM,Salesforce,Software_Cloud,,,,,,,,286425000.0,,,,86608000.0,,,,,True,,,,,,,,,,,,,,,,,,,Pre-Crisis Buildup
2008,CRM,Salesforce,Software_Cloud,68119000.0,577109000.0,20309000.0,18356000.0,63812000.0,46000.0,,461002000.0,,,,279095000.0,204275000.0,43552000.0,122422000.0,20309000.0,True,2.0,0.2981400196714573,0.269469604662429,0.2981400196714573,0.9367724129831618,0.03981761467412289,,0.044054038811111446,,,,50.0,160723000.0,2.35944450153408,10.0,0.6393517227205332,0.1499403701948996,1.3128604335821992,Financial Crisis
2009,CRM,Salesforce,Software_Cloud,92195000.0,856298000.0,63742000.0,43428000.0,99530000.0,107000.0,1479822000.0,671784000.0,,1068557000.0,766966000.0,483834000.0,229557000.0,61059000.0,122850062.0,63742000.0,True,2.0,0.6913823960084603,0.4710450675199306,0.6913823960084603,1.0795596290471283,0.06464577900039298,0.029346772787537962,0.09488466530908744,,,1.3932260360954722,50.0,168498000.0,1.8276262270188188,5.285921525283228,0.6622810347632735,0.3535040950976484,1.3715743993682314,Financial Crisis
2010,CRM,Salesforce,Software_Cloud,96111000.0,1047658000.0,115272000.0,80719000.0,131897000.0,2000000.0,2460201000.0,1043802000.0,450198000.0,1706159000.0,908130000.0,1011306000.0,270911000.0,49501000.0,127152449.0,115272000.0,True,2.0,1.1993632362580766,0.8398518379790034,1.1993632362580766,1.3723403148442945,0.07733171616839209,0.03280992081541305,0.07715662650602409,0.4313059373329425,0.18299236525796064,1.8787607501128694,50.0,221410000.0,2.3036905244977164,3.3562234418166725,0.5150399017802333,0.6348206474576042,1.741295600212938,Post-Crisis Recovery
2011,CRM,Salesforce,Software_Cloud,105994000.0,1333326000.0,97497000.0,64474000.0,187887000.0,24909000.0,3091165000.0,1276491000.0,472538000.0,1074924000.0,1276466000.0,424292000.0,459081000.0,90887000.0,132921147.0,97497000.0,True,2.0,0.9198350850048116,0.6082797139460724,0.9198350850048116,1.7726192048606524,0.05050877757853365,0.0208575084151121,0.05574350110832925,0.370185140357433,0.15286728466451968,0.8421093863839695,3.914127423822715,368194000.0,3.4737249278261033,7.120405124546329,0.8574730645130857,0.48505449625709296,2.7700182274232104,Post-Crisis Recovery
2012,CRM,Salesforce,Software_Cloud,140305000.0,1777653000.0,-35085000.0,-11572000.0,295347000.0,17045000.0,4164154000.0,1587360000.0,496149000.0,1672222000.0,2300031000.0,607284000.0,591507000.0,151645000.0,137036541.0,-35085000.0,True,2.0,-0.2500623641352767,-0.08247745981967856,-0.2500623641352767,2.105035458465486,-0.007290091724624533,-0.0027789558215186084,-0.016839380103469675,0.31256236770486845,0.11914761077520188,0.7270432441997521,-2.0583748899970664,439862000.0,3.13504151669577,-10.0,1.0808239193186273,-0.08444462999106202,3.2098154024480228,Post-Crisis Recovery
2013,CRM,Salesforce,Software_Cloud,6667216000.0,2366616000.0,-110710000.0,-270445000.0,429479000.0,30948000.0,5528956000.0,2317633000.0,0.0,2015880000.0,2917624000.0,747245000.0,736897000.0,175601000.0,585627000.0,-110710000.0,True,0.3549631510363546,-0.016605131737144858,-0.0405634075752158,-0.016605131737144858,0.06441654207693286,-0.11669017484649209,-0.04891429774445664,-0.04776856387529863,0.0,0.0,0.6909320734954195,-3.5772909396406876,561296000.0,0.08418746295305267,-2.7247573443768602,0.02633797975046856,-0.46180418594088046,0.9584530767877847,Post-Crisis Recovery
2014,CRM,Salesforce,Software_Cloud,4071003000.0,3102575000.0,-286074000.0,-232175000.0,623798000.0,77211000.0,9152930000.0,3038510000.0,255000000.0,2680252000.0,3980188000.0,781635000.0,875469000.0,299110000.0,610143000.0,-286074000.0,True,0.7621156260508773,-0.0702711346564962,-0.05703139987860485,-0.0702711346564962,0.1532295603810658,-0.0764108066124515,-0.025366194213219156,-0.08685991540939605,0.08392271211876874,0.02785993119143269,0.6733983419878659,-3.7050938337801607,576359000.0,0.1415766581355995,-3.7707289759879403,0.0734732939278109,-0.3805255489286938,0.9446293737697556,Low Rate Bull Market
2015,CRM,Salesforce,Software_Cloud,5373586000.0,4084316000.0,-145633000.0,-262688000.0,792917000.0,73237000.0,10665127000.0,3975183000.0,,3514544000.0,4390103000.0,908117000.0,1181444000.0,290454000.0,650596000.0,-145633000.0,True,0.7600726963335098,-0.027101641250368003,-0.04888504622425323,-0.027101641250368003,0.14755825997760155,-0.06608198918137857,-0.02463055526671178,-0.036635546086809086,,,0.8005607157736391,-1.988516733345167,890990000.0,0.1658092007832386,-4.497517968083811,0.054052172980947916,-0.4037651630197542,1.3694981217222362,Low Rate Bull Market
2016,CRM,Salesforce,Software_Cloud,6667216000.0,5012668000.0,114923000.0,-47426000.0,946300000.0,72485000.0,12762920000.0,5003000000.0,,5731323000.0,5617005000.0,1158000000.0,1672081000.0,284476000.0,670929000.0,114923000.0,True,0.7518382485283213,0.017237029668755295,-0.007113313862937694,0.017237029668755295,0.14193330469569307,-0.009479512292624425,-0.0037159208080909385,0.022970817509494302,,,1.0203521271567322,1.5854728564530594,1387605000.0,0.2081236006153093,-10.0,0.04266788416634469,-0.07068706226739342,2.068184562002835,Low Rate Bull Market
2017,CRM,Salesforce,Software_Cloud,8437000000.0,6203000000.0,218000000.0,323000000.0,1208000000.0,89000000.0,17584923000.0,8230000000.0,2008391000.0,5996827000.0,7295466000.0,1607000000.0,2162000000.0,464000000.0,707460000.0,218000000.0,True,0.7352139386037692,0.02583856821144957,0.03828375014815693,0.02583856821144957,0.14317885504326183,0.03924665856622114,0.018368007639271437,0.02129240815280448,0.2440329283110571,0.11421096356236533,0.821993687586235,2.449438202247191,1698000000.0,0.20125637074789618,6.693498452012384,0.0549958516060211,0.4565629152178215,2.4001356967178356,Low Rate Bull Market
2018,CRM,Salesforce,Software_Cloud,10540000000.0,7767000000.0,454000000.0,360000000.0,1553000000.0,87000000.0,21984000000.0,10376000000.0,1726821000.0,9584000000.0,10067000000.0,2543000000.0,2738000000.0,534000000.0,730000000.0,454000000.0,True,0.7369070208728653,0.043074003795066415,0.03415559772296015,0.043074003795066415,0.14734345351043643,0.03469545104086353,0.016375545851528384,0.03751191561041843,0.16642453739398613,0.07854899017467248,0.9520214562431708,5.218390804597701,2204000000.0,0.20910815939278937,7.605555555555555,0.050664136622390894,0.4931506849315068,3.0191780821917806,Low Rate Bull Market
2019,CRM,Salesforce,Software_Cloud,13282000000.0,9831000000.0,535000000.0,1110000000.0,1886000000.0,154000000.0,30737000000.0,15605000000.0,3198000000.0,10683000000.0,11255000000.0,2669000000.0,3398000000.0,595000000.0,770000000.0,535000000.0,True,0.740174672489083,0.040280078301460624,0.08357175124228279,0.040280078301460624,0.1419966872458967,0.07113104774110862,0.03611282818752643,0.028452906451098228,0.20493431592438321,0.104043986075414,0.9491781430475345,3.4740259740259742,2803000000.0,0.21103749435326005,3.061261261261261,0.04479747026050294,1.4415584415584415,3.64025974025974,Low Rate Bull Market
2020,CRM,Salesforce,Software_Cloud,17098000000.0,12863000000.0,297000000.0,126000000.0,2766000000.0,110000000.0,55126000000.0,33885000000.0,2694000000.0,15963000000.0,14845000000.0,4145000000.0,4331000000.0,643000000.0,893000000.0,297000000.0,True,0.752310211720669,0.017370452684524505,0.007369282957071003,0.017370452684524505,0.16177330681951105,0.0037184594953519256,0.0022856728222617278,0.008119412777823342,0.07950420540061974,0.04886986177121504,1.0753115527113506,2.7,3688000000.0,0.21569774242601475,10.0,0.03760673763013218,0.14109742441209405,4.12989921612542,COVID Shock
2021,CRM,Salesforce,Software_Cloud,21252000000.0,15814000000.0,455000000.0,4072000000.0,3598000000.0,110000000.0,66301000000.0,41493000000.0,2677000000.0,21889000000.0,17728000000.0,6195000000.0,4801000000.0,710000000.0,919000000.0,455000000.0,True,0.7441182006399397,0.021409749670619236,0.19160549595332205,0.021409749670619236,0.16930171277997366,0.09813703516255753,0.06141687154039909,0.010301109350237718,0.06451690646615092,0.04037646491003152,1.2347134476534296,4.136363636363637,4091000000.0,0.1924995294560512,1.1790275049115913,0.033408620365142104,4.430903155603917,4.451577801958651,COVID Rebound
2022,CRM,Salesforce,Software_Cloud,26492000000.0,19466000000.0,548000000.0,1444000000.0,4465000000.0,216000000.0,95209000000.0,58131000000.0,10596000000.0,22850000000.0,21788000000.0,5464000000.0,6000000000.0,717000000.0,989000000.0,548000000.0,True,0.7347878604861845,0.020685489959232976,0.054507020987467916,0.020685489959232976,0.16854144647440736,0.024840446577557584,0.015166633406505687,0.007973576614722016,0.18227795840429376,0.11129199970591015,1.04874242702405,2.537037037037037,5283000000.0,0.1994186924354522,4.1551246537396125,0.027064774271478183,1.4600606673407481,5.341759352881699,Inflation & Rate Hikes
2023,CRM,Salesforce,Software_Cloud,31352000000.0,22992000000.0,1030000000.0,208000000.0,5055000000.0,300000000.0,98849000000.0,58359000000.0,10601000000.0,26395000000.0,25891000000.0,7016000000.0,7111000000.0,798000000.0,981000000.0,1030000000.0,True,0.7333503444756315,0.03285276856340903,0.006634345496300076,0.03285276856340903,0.16123373309517733,0.003564146061447249,0.002104219567218687,0.014936194895591648,0.1816515019105879,0.10724438284656396,1.0194662237843266,3.433333333333333,6313000000.0,0.20135876499106914,10.0,0.025452921663689718,0.21202854230377166,6.4352701325178385,Inflation & Rate Hikes
2024,CRM,Salesforce,Software_Cloud,34857000000.0,26316000000.0,5011000000.0,4136000000.0,4906000000.0,283000000.0,99823000000.0,59646000000.0,9426000000.0,29074000000.0,26631000000.0,8472000000.0,10234000000.0,736000000.0,971000000.0,5011000000.0,True,0.7549703072553576,0.14375878589666352,0.11865622400091803,0.14375878589666352,0.14074647846917404,0.06934245381081715,0.04143333700650151,0.07254748668056521,0.15803239110753445,0.09442713603077448,1.0917351958244152,17.70671378091873,9498000000.0,0.2724847232980463,2.4743713733075436,0.021114840634592763,4.259526261585994,9.781668383110196,Normalization
2012,GOOG,Alphabet,Software_Cloud,,,,,,,,71570000000.0,,,,14778000000.0,,,,,True,,,,,,,,,,,,,,,,,,,Post-Crisis Recovery
2013,GOOG,Alphabet,Software_Cloud,55519000000.0,33526000000.0,15403000000.0,12733000000.0,7137000000.0,81000000.0,,86977000000.0,,,,18898000000.0,18659000000.0,7358000000.0,,15403000000.0,True,0.6038653433959545,0.27743655325203986,0.22934490895008916,0.27743655325203986,0.12855058628577604,0.14639502397185464,,0.17709279464686067,,,,50.0,11301000000.0,0.20355193717466094,1.4654048535301971,0.13253120553324088,,,Post-Crisis Recovery
2014,GOOG,Alphabet,Software_Cloud,66001000000.0,40310000000.0,16496000000.0,14136000000.0,9832000000.0,101000000.0,129187000000.0,103860000000.0,2992000000.0,78656000000.0,16779000000.0,18347000000.0,23024000000.0,11014000000.0,680172000.0,16496000000.0,True,0.6107483219951213,0.24993560703625703,0.21417857305192345,0.24993560703625703,0.14896743988727443,0.13610629693818602,0.10942277473739617,0.15438176168906526,0.028808010783747354,0.023160225100048767,4.6877644674891235,50.0,12010000000.0,0.18196693989485008,1.6287492925863045,0.16687625945061438,20.782978423104744,17.657298448039615,Low Rate Bull Market
2015,GOOG,Alphabet,Software_Cloud,74989000000.0,46825000000.0,19360000000.0,16348000000.0,12282000000.0,104000000.0,147461000000.0,120331000000.0,3225000000.0,90114000000.0,19310000000.0,16549000000.0,26572000000.0,9950000000.0,687348000.0,19360000000.0,True,0.6244249156542959,0.25817119844243824,0.21800530744509194,0.25817119844243824,0.16378402165650963,0.13585859005576287,0.11086321128976476,0.15669008384861924,0.026801073705030293,0.021870189406012437,4.666701191092698,50.0,16622000000.0,0.22165917667924628,1.6253976021531686,0.13268612729867046,23.784167554135607,24.182801142943603,Low Rate Bull Market
2016,GOOG,Alphabet,Software_Cloud,90272000000.0,55134000000.0,23716000000.0,19478000000.0,13948000000.0,124000000.0,167497000000.0,139036000000.0,4000000000.0,105408000000.0,16756000000.0,12918000000.0,36036000000.0,10212000000.0,691293000.0,23716000000.0,True,0.6107541651896491,0.26271712158808935,0.2157701169797944,0.26271712158808935,0.1545108117688763,0.140093213268506,0.11628864994596919,0.1658044128750804,0.028769527316666186,0.02388102473477137,6.290761518262115,50.0,25824000000.0,0.2860687699397377,1.8500872779546154,0.11312477844735909,28.176185785188046,37.35608490177103,Low Rate Bull Market
2017,GOOG,Alphabet,Software_Cloud,110855000000.0,65272000000.0,26178000000.0,12662000000.0,16625000000.0,109000000.0,197295000000.0,152502000000.0,4026000000.0,124308000000.0,24183000000.0,10715000000.0,37091000000.0,13184000000.0,694783000.0,26178000000.0,True,0.5888051959767263,0.23614631726128726,0.11422128005051645,0.23614631726128726,0.14997068242298497,0.08302841929941902,0.06417800755214273,0.16724164366758662,0.026399653775032457,0.02040599102866266,5.140305173055452,50.0,23907000000.0,0.21566009652248433,2.929316063812984,0.11893013395877497,18.224395242831214,34.409304775735734,Low Rate Bull Market
2018,GOOG,Alphabet,Software_Cloud,136819000000.0,77270000000.0,27524000000.0,30736000000.0,21419000000.0,114000000.0,232792000000.0,177628000000.0,4062000000.0,135676000000.0,34620000000.0,16701000000.0,47971000000.0,25139000000.0,695556000.0,27524000000.0,True,0.5647607422945643,0.20117089000796673,0.22464716157843576,0.20117089000796673,0.15654989438601363,0.17303578264688,0.13203202859204782,0.15148879960372064,0.0228680163037359,0.01744905323206983,3.919006354708261,50.0,22832000000.0,0.1668774073776303,1.5607431025507548,0.18373910056351822,44.189109144339206,32.825538130646564,Low Rate Bull Market
2019,GOOG,Alphabet,Software_Cloud,161857000000.0,89961000000.0,34231000000.0,34343000000.0,26018000000.0,100000000.0,275909000000.0,201442000000.0,4685000000.0,152578000000.0,45221000000.0,18498000000.0,54520000000.0,23548000000.0,688335000.0,34231000000.0,True,0.5558054331910266,0.2114891540063142,0.2121811228430034,0.2114891540063142,0.16074683208016954,0.17048579740074066,0.1244721991671167,0.16606752147947623,0.023257314760576245,0.01698023623731013,3.374051878552,50.0,30972000000.0,0.19135409651729612,1.5875141950324665,0.1454864479138993,49.89285740228232,44.99553269846804,Low Rate Bull Market
2020,GOOG,Alphabet,Software_Cloud,182527000000.0,97795000000.0,41224000000.0,40269000000.0,27573000000.0,135000000.0,319616000000.0,222544000000.0,15319000000.0,174296000000.0,56834000000.0,26465000000.0,65124000000.0,22281000000.0,675222000.0,41224000000.0,True,0.5357837470620785,0.22585151785763202,0.22061941520980458,0.22585151785763202,0.15106258252203783,0.18094848659141563,0.12599181517821387,0.17330984642420216,0.06883582572435114,0.047929390268321985,3.0667558151810534,50.0,42843000000.0,0.23472143847211646,1.617224167473739,0.12206961161910293,59.63816344846584,63.450243031180854,COVID Shock
2021,GOOG,Alphabet,Software_Cloud,257637000000.0,146698000000.0,78714000000.0,76033000000.0,31562000000.0,346000000.0,359268000000.0,251635000000.0,15440000000.0,188143000000.0,64254000000.0,20945000000.0,91652000000.0,24640000000.0,13242000000.0,78714000000.0,True,0.5693980290098084,0.3055228868524319,0.2951167728237792,0.3055228868524319,0.12250569599863374,0.30215590041131,0.21163309841121392,0.294726200505476,0.06135871401037216,0.042976273979313494,2.928113424845146,50.0,67012000000.0,0.2601023921253547,1.2054239606486656,0.09563843702573777,5.741806373659568,5.060564869355082,COVID Rebound
2022,GOOG,Alphabet,Software_Cloud,282836000000.0,156633000000.0,74842000000.0,59972000000.0,39500000000.0,357000000.0,365264000000.0,256144000000.0,15312000000.0,164795000000.0,69300000000.0,21879000000.0,91495000000.0,31485000000.0,12849000000.0,74842000000.0,True,0.5537944250378312,0.2646127084246701,0.2120380715326196,0.2646127084246701,0.13965690364734334,0.2341339246673746,0.16418809409084936,0.27570582341152894,0.05977887438315947,0.041920364448727494,2.377994227994228,50.0,60010000000.0,0.21217242500954617,1.5256286266924566,0.11131892686928113,4.66744493734921,4.670402365942875,Inflation & Rate Hikes
2023,GOOG,Alphabet,Software_Cloud,307394000000.0,174062000000.0,84293000000.0,73795000000.0,45427000000.0,308000000.0,402392000000.0,283379000000.0,13000000000.0,171530000000.0,81814000000.0,24048000000.0,101746000000.0,32251000000.0,12460000000.0,84293000000.0,True,0.566250479840205,0.27421810445226646,0.24006649446638517,0.27421810445226646,0.14778102370247956,0.26041096905557576,0.18339082287918249,0.2844094892013267,0.04587495897720015,0.0323068053042804,2.096584936563424,50.0,69495000000.0,0.22607793255561268,1.3787654990175486,0.10491746748472644,5.92255216693419,5.57744783306581,Inflation & Rate Hikes
2024,GOOG,Alphabet,Software_Cloud,350018000000.0,203712000000.0,112390000000.0,100118000000.0,49326000000.0,268000000.0,450256000000.0,325084000000.0,12000000000.0,163711000000.0,89122000000.0,23466000000.0,125299000000.0,52535000000.0,12211000000.0,112390000000.0,True,0.5820043540617911,0.32109777211457696,0.28603671811164,0.32109777211457696,0.14092418104211785,0.30797578472025694,0.22235794747876764,0.3334183764284273,0.036913536193722236,0.026651504921644576,1.8369313974102914,50.0,72764000000.0,0.20788645155392008,1.2515132144069998,0.15009228096840735,8.199000900827123,5.9588895258373595,Normalization
2007,MSFT,Microsoft,Software_Cloud,13762000000.0,11087000000.0,,4289000000.0,,,,,,,,6111000000.0,,,9380000000.0,,True,0.8056241825316087,,0.3116552826624037,,,,,,,,,,,,,,0.45724946695095947,,Pre-Crisis Buildup
2008,MSFT,Microsoft,Software_Cloud,14454000000.0,11940000000.0,22271000000.0,4388000000.0,8164000000.0,106000000.0,,36286000000.0,,,,10339000000.0,21612000000.0,3182000000.0,9151000000.0,22271000000.0,True,0.8260689082606891,1.5408191504081914,0.30358378303583783,1.5408191504081914,0.5648263456482635,0.12092818166786089,,0.6137628837568209,,,,50.0,18430000000.0,1.2750795627507956,4.925250683682771,0.22014667220146672,0.47951043601792154,2.013987542345099,Financial Crisis
2009,MSFT,Microsoft,Software_Cloud,58437000000.0,10078000000.0,20363000000.0,14569000000.0,9010000000.0,38000000.0,77888000000.0,39558000000.0,3746000000.0,49280000000.0,27034000000.0,6076000000.0,19037000000.0,3119000000.0,8908000000.0,20363000000.0,True,0.1724592295976864,0.348460735492924,0.24931122405325393,0.348460735492924,0.15418313739582798,0.3682946559482279,0.18705063681183237,0.470233696656198,0.09469639516659083,0.04809470008216927,1.8228896944588295,50.0,15918000000.0,0.2723959135479234,1.3066785640744045,0.053373718705614595,1.6354961832061068,1.7869330938482264,Financial Crisis
2010,MSFT,Microsoft,Software_Cloud,62484000000.0,13056000000.0,24098000000.0,18760000000.0,8714000000.0,151000000.0,86113000000.0,46175000000.0,4900000000.0,55676000000.0,26147000000.0,5505000000.0,24073000000.0,1977000000.0,8668000000.0,24098000000.0,True,0.20894949106971383,0.38566673068305485,0.3002368606363229,0.38566673068305485,0.139459701683631,0.4062804547915539,0.21785328579889215,0.4718159569260891,0.1061180292365999,0.056901977634038994,2.1293456228247982,50.0,22096000000.0,0.3536265283912682,1.2832089552238806,0.03164009986556558,2.164282418089525,2.5491462851868945,Post-Crisis Recovery
2011,MSFT,Microsoft,Software_Cloud,69943000000.0,54366000000.0,27161000000.0,23150000000.0,9043000000.0,295000000.0,108704000000.0,57083000000.0,11900000000.0,74918000000.0,28774000000.0,9610000000.0,26994000000.0,2355000000.0,8376000000.0,27161000000.0,True,0.777290079064381,0.38833049769097694,0.3309838010951775,0.38833049769097694,0.1292909940951918,0.4055498134295675,0.21296364439211068,0.39373468825652697,0.2084683706182226,0.10947159258168973,2.603669979842914,50.0,24639000000.0,0.352272564802768,1.166047516198704,0.033670274366269674,2.7638490926456543,2.941618911174785,Post-Crisis Recovery
2012,MSFT,Microsoft,Software_Cloud,73723000000.0,56193000000.0,21763000000.0,16978000000.0,9811000000.0,380000000.0,121271000000.0,66363000000.0,11900000000.0,85084000000.0,32688000000.0,6938000000.0,31626000000.0,2305000000.0,8381000000.0,21763000000.0,True,0.762218032364391,0.2951995984970769,0.23029448069123612,0.2951995984970769,0.13307922900587332,0.2558353299278212,0.1400004947596705,0.2780752079526724,0.1793167879691997,0.09812733464719513,2.602912383749388,50.0,29321000000.0,0.3977184867680371,1.862763576392979,0.03126568370793375,2.025772580837609,3.4985085312015274,Post-Crisis Recovery
2013,MSFT,Microsoft,Software_Cloud,77849000000.0,57464000000.0,26764000000.0,21863000000.0,10411000000.0,429000000.0,142431000000.0,78944000000.0,15600000000.0,101466000000.0,37417000000.0,3804000000.0,28833000000.0,4257000000.0,8328000000.0,26764000000.0,True,0.7381469254582589,0.3437937545761667,0.2808385464167812,0.3437937545761667,0.13373325283561768,0.2769431495743818,0.15349888718045931,0.283085124386529,0.19760843129306851,0.10952671820039177,2.7117620333003716,50.0,24576000000.0,0.3156880627882182,1.3188034578969035,0.05468278333697286,2.625240153698367,2.951008645533141,Post-Crisis Recovery
2014,MSFT,Microsoft,Software_Cloud,86833000000.0,59755000000.0,27759000000.0,22074000000.0,11381000000.0,597000000.0,172384000000.0,89784000000.0,20600000000.0,114246000000.0,45625000000.0,8669000000.0,32502000000.0,5485000000.0,8239000000.0,27759000000.0,True,0.6881600313244964,0.3196826091462923,0.2542121082998399,0.3196826091462923,0.13106768164177213,0.24585672280139,0.12805132726935214,0.251476663284534,0.22943954379399448,0.11950064971227028,2.504021917808219,46.49748743718593,27017000000.0,0.3111374707772391,1.4724109812449035,0.0631672290488639,2.6792086418254644,3.2791600922442043,Low Rate Bull Market
2015,MSFT,Microsoft,Software_Cloud,93580000000.0,60542000000.0,18161000000.0,12193000000.0,12046000000.0,781000000.0,174472000000.0,80083000000.0,30300000000.0,122797000000.0,49647000000.0,5595000000.0,29668000000.0,5944000000.0,8027000000.0,18161000000.0,True,0.646954477452447,0.19406924556529173,0.13029493481513144,0.19406924556529173,0.12872408634323573,0.15225453591898405,0.06988513916273098,0.16452714639029561,0.3783574541413284,0.17366683479297537,2.4734022196708763,23.253521126760564,23724000000.0,0.25351570848471894,2.4331993766915443,0.06351784569352426,1.5189983804659275,2.955525102778124,Low Rate Bull Market
2016,MSFT,Microsoft,Software_Cloud,91154000000.0,58374000000.0,26078000000.0,20539000000.0,11988000000.0,1243000000.0,193468000000.0,83090000000.0,40600000000.0,139660000000.0,59357000000.0,6510000000.0,33325000000.0,8343000000.0,7808000000.0,26078000000.0,True,0.6403887925927552,0.28608728086534874,0.22532198257893235,0.28608728086534874,0.13151370208657875,0.24718979419906126,0.10616225939173403,0.21083353545153205,0.4886267902274642,0.2098538259557136,2.3528817157201343,20.9798873692679,24982000000.0,0.2740636724663756,1.6225230050148498,0.09152642780349737,2.6305071721311477,3.1995389344262297,Low Rate Bull Market
2017,MSFT,Microsoft,Software_Cloud,96571000000.0,62310000000.0,29025000000.0,25489000000.0,13037000000.0,2222000000.0,250312000000.0,87711000000.0,77100000000.0,162696000000.0,55745000000.0,7663000000.0,39507000000.0,8129000000.0,7708000000.0,29025000000.0,True,0.6452247569146017,0.3005560675565128,0.26394052044609667,0.3005560675565128,0.13499911981857907,0.2906020909578046,0.10182891751094635,0.17611081784589622,0.8790231555905189,0.3080155965355237,2.918575657009597,13.062556255625562,31378000000.0,0.3249215603027824,1.5499627290203617,0.08417640906690414,3.3068240788790866,4.070835495588998,Low Rate Bull Market
2018,MSFT,Microsoft,Software_Cloud,110360000000.0,72007000000.0,35058000000.0,16571000000.0,14726000000.0,2733000000.0,258848000000.0,82718000000.0,76200000000.0,169662000000.0,58488000000.0,11946000000.0,43884000000.0,11632000000.0,7677000000.0,35058000000.0,True,0.652473722363175,0.3176694454512505,0.1501540413193186,0.3176694454512505,0.1334360275462124,0.20033124591987234,0.06401826554580294,0.22060433682779798,0.9212021567252593,0.29438125849919644,2.900800164136233,12.827661909989024,32252000000.0,0.2922435665096049,2.6482409027819687,0.10540050743022834,2.158525465676697,4.20112022925622,Low Rate Bull Market
2019,MSFT,Microsoft,Software_Cloud,125843000000.0,82933000000.0,42959000000.0,39240000000.0,16876000000.0,2686000000.0,286556000000.0,102330000000.0,72178000000.0,175552000000.0,69420000000.0,11356000000.0,52185000000.0,13925000000.0,7643000000.0,42959000000.0,True,0.6590195720063889,0.3413698020549415,0.3118171054409065,0.3413698020549415,0.13410360528595155,0.3834652594547054,0.13693658482111698,0.24617209526210831,0.705345450991889,0.2518809586956825,2.5288389513108616,15.99367088607595,38260000000.0,0.30402962421429874,1.3298929663608563,0.11065375110256431,5.134109642810415,5.005887740416067,Low Rate Bull Market
2020,MSFT,Microsoft,Software_Cloud,143015000000.0,96937000000.0,52959000000.0,44281000000.0,19269000000.0,2591000000.0,301311000000.0,118304000000.0,63327000000.0,181915000000.0,72310000000.0,13576000000.0,60675000000.0,15441000000.0,7571000000.0,52959000000.0,True,0.6778100199279796,0.37030381428521486,0.3096248645247002,0.37030381428521486,0.1347341187987274,0.37429841763592103,0.14696111326835065,0.2915746761290749,0.5352904381931296,0.2101715503250794,2.5157654542940118,20.439598610575068,45234000000.0,0.3162885012061672,1.370226507983108,0.10796769569625564,5.8487650244353455,5.974640073966451,COVID Shock
2021,MSFT,Microsoft,Software_Cloud,168088000000.0,115856000000.0,69916000000.0,61271000000.0,20716000000.0,2346000000.0,333779000000.0,141988000000.0,58146000000.0,184406000000.0,88657000000.0,14224000000.0,76740000000.0,20622000000.0,7519000000.0,69916000000.0,True,0.689258007710247,0.415948788729713,0.36451739564989766,0.415948788729713,0.12324496692208843,0.4315223821731414,0.18356757015869782,0.34934593822139165,0.4095134800123954,0.1742050877976146,2.0799936835218875,29.80221653878943,56118000000.0,0.33386083480081863,1.2524685413980512,0.12268573604302509,8.148822981779492,7.463492485702886,COVID Rebound
2022,MSFT,Microsoft,Software_Cloud,198270000000.0,135620000000.0,83383000000.0,72738000000.0,24512000000.0,2063000000.0,364840000000.0,166542000000.0,49781000000.0,169684000000.0,95082000000.0,13931000000.0,89035000000.0,23886000000.0,7464000000.0,83383000000.0,True,0.684016744842891,0.4205527815604983,0.3668633681343622,0.4205527815604983,0.12362939426035205,0.4367546925099975,0.19936958666812848,0.3854560079140914,0.2989095843691081,0.13644611336476264,1.7846069708251824,40.41832283082889,65149000000.0,0.3285872799717557,1.224050702521378,0.12047208352246935,9.745176848874598,8.728429796355842,Inflation & Rate Hikes
2023,MSFT,Microsoft,Software_Cloud,211915000000.0,146052000000.0,88523000000.0,72361000000.0,27195000000.0,1968000000.0,411976000000.0,206223000000.0,47237000000.0,184257000000.0,104149000000.0,34704000000.0,87582000000.0,28107000000.0,7432000000.0,88523000000.0,True,0.6892008588349102,0.417728806361041,0.3414623787839464,0.417728806361041,0.12832975485454073,0.35088714643856406,0.175643726819038,0.3492582656040401,0.2290578645446919,0.11465959182088277,1.76916725076573,44.98119918699187,59475000000.0,0.2806549795908737,1.2103481156976825,0.13263336715192411,9.736410118406889,8.002556512378902,Inflation & Rate Hikes
2024,MSFT,Microsoft,Software_Cloud,245122000000.0,171008000000.0,109433000000.0,88136000000.0,29510000000.0,2935000000.0,512163000000.0,268477000000.0,44937000000.0,159734000000.0,125286000000.0,18315000000.0,118548000000.0,44477000000.0,7434000000.0,109433000000.0,True,0.6976444382797138,0.44644299573273716,0.35955972944084985,0.44644299573273716,0.12038903076835208,0.32828137978299815,0.17208583985957596,0.34916436406797396,0.16737746622615718,0.08773964538633208,1.2749549031815206,37.285519591141394,74071000000.0,0.3021801388696241,1.345057638195516,0.18144842160230415,11.855797686306161,9.963814904492871,Normalization
